fk_empresa;id_servidor;home_broker;timestamp;ram_percent;swap_percent;jitter_ms;packet_loss_percent;upload_mbps;download_mbps;correlacao_ram_swap;tendencia_ram_por_minuto;hora_registro;ETA;proj1;proj2;proj3;proj4;proj5
2;3;SRV-DTIC-PROD;2026-05-20 20:30:46;95.8;17.5;3.5;0.0;0.299;11.7946;0.0;0.0;20:30:46;Estacionario / Sem Variacao;95.8;95.8;95.8;95.8;95.8
2;3;SRV-DTIC-PROD;2026-05-20 20:30:46;95.8;17.5;3.5;0.0;0.299;11.7946;0.0;0.0;20:30:46;Estacionario / Sem Variacao;95.8;95.8;95.8;95.8;95.8
2;3;SRV-DTIC-PROD;2026-05-20 20:30:46;95.8;17.5;3.5;0.0;0.299;11.7946;0.0;0.0;20:30:46;Estacionario / Sem Variacao;95.8;95.8;95.8;95.8;95.8
2;3;SRV-DTIC-PROD;2026-05-20 20:30:46;95.8;17.5;3.5;0.0;0.299;11.7946;0.0;0.0;20:30:46;Estacionario / Sem Variacao;95.8;95.8;95.8;95.8;95.8
2;3;SRV-DTIC-PROD;2026-05-20 20:30:46;95.8;17.5;3.5;0.0;0.299;11.7946;0.0;0.0;20:30:46;Estacionario / Sem Variacao;95.8;95.8;95.8;95.8;95.8
2;3;SRV-DTIC-PROD;2026-05-20 20:30:46;95.8;17.5;3.5;0.0;0.299;11.7946;0.0;0.0;20:30:46;Estacionario / Sem Variacao;95.8;95.8;95.8;95.8;95.8
2;3;SRV-DTIC-PROD;2026-05-20 20:30:46;95.8;17.5;3.5;0.0;0.299;11.7946;0.0;0.0;20:30:46;Estacionario / Sem Variacao;95.8;95.8;95.8;95.8;95.8
2;3;SRV-DTIC-PROD;2026-05-20 20:30:46;95.8;17.5;3.5;0.0;0.299;11.7946;0.0;0.0;20:30:46;Estacionario / Sem Variacao;95.8;95.8;95.8;95.8;95.8
2;3;SRV-DTIC-PROD;2026-05-20 20:30:46;95.8;17.5;3.5;0.0;0.299;11.7946;0.0;0.0;20:30:46;Estacionario / Sem Variacao;95.8;95.8;95.8;95.8;95.8
2;3;SRV-DTIC-PROD;2026-05-20 20:30:46;95.8;17.5;3.5;0.0;0.299;11.7946;0.0;0.0;20:30:46;Estacionario / Sem Variacao;95.8;95.8;95.8;95.8;95.8
2;3;SRV-DTIC-PROD;2026-05-20 20:31:03;95.3;20.9;4.75;0.0;0.2987;11.8005;-1.0;-1.7647;20:31:03;Tendencia de Queda (Estavel);95.27;95.25;95.22;95.19;95.17
2;3;SRV-DTIC-PROD;2026-05-20 20:31:03;95.3;20.9;4.75;0.0;0.2987;11.8005;-1.0;-1.7647;20:31:03;Tendencia de Queda (Estavel);95.27;95.25;95.22;95.19;95.17
2;3;SRV-DTIC-PROD;2026-05-20 20:31:03;95.3;20.9;4.75;0.0;0.2987;11.8005;-1.0;-1.7647;20:31:03;Tendencia de Queda (Estavel);95.27;95.25;95.22;95.19;95.17
2;3;SRV-DTIC-PROD;2026-05-20 20:31:03;95.3;20.9;4.75;0.0;0.2987;11.8005;-1.0;-1.7647;20:31:03;Tendencia de Queda (Estavel);95.27;95.25;95.22;95.19;95.17
2;3;SRV-DTIC-PROD;2026-05-20 20:31:03;95.3;20.9;4.75;0.0;0.2987;11.8005;-1.0;-1.7647;20:31:03;Tendencia de Queda (Estavel);95.27;95.25;95.22;95.19;95.17
2;3;SRV-DTIC-PROD;2026-05-20 20:31:03;95.3;20.9;4.75;0.0;0.2987;11.8005;-1.0;-1.7647;20:31:03;Tendencia de Queda (Estavel);95.27;95.25;95.22;95.19;95.17
2;3;SRV-DTIC-PROD;2026-05-20 20:31:03;95.3;20.9;4.75;0.0;0.2987;11.8005;-1.0;-1.7647;20:31:03;Tendencia de Queda (Estavel);95.27;95.25;95.22;95.19;95.17
2;3;SRV-DTIC-PROD;2026-05-20 20:31:03;95.3;20.9;4.75;0.0;0.2987;11.8005;-1.0;-1.7647;20:31:03;Tendencia de Queda (Estavel);95.27;95.25;95.22;95.19;95.17
2;3;SRV-DTIC-PROD;2026-05-20 20:31:03;95.3;20.9;4.75;0.0;0.2987;11.8005;-1.0;-1.7647;20:31:03;Tendencia de Queda (Estavel);95.27;95.25;95.22;95.19;95.17
2;3;SRV-DTIC-PROD;2026-05-20 20:31:03;95.3;20.9;4.75;0.0;0.2987;11.8005;-1.0;-1.7647;20:31:03;Tendencia de Queda (Estavel);95.27;95.25;95.22;95.19;95.17
2;3;SRV-DTIC-PROD;2026-05-20 20:31:18;94.9;20.9;4.0;0.0;0.2953;11.8711;-0.8193;-1.6732;20:31:18;Tendencia de Queda (Estavel);94.86;94.82;94.78;94.74;94.71
2;3;SRV-DTIC-PROD;2026-05-20 20:31:18;94.9;20.9;4.0;0.0;0.2953;11.8711;-0.8193;-1.6732;20:31:18;Tendencia de Queda (Estavel);94.86;94.82;94.78;94.74;94.71
2;3;SRV-DTIC-PROD;2026-05-20 20:31:18;94.9;20.9;4.0;0.0;0.2953;11.8711;-0.8193;-1.6732;20:31:18;Tendencia de Queda (Estavel);94.86;94.82;94.78;94.74;94.71
2;3;SRV-DTIC-PROD;2026-05-20 20:31:18;94.9;20.9;4.0;0.0;0.2953;11.8711;-0.8193;-1.6732;20:31:18;Tendencia de Queda (Estavel);94.86;94.82;94.78;94.74;94.71
2;3;SRV-DTIC-PROD;2026-05-20 20:31:18;94.9;20.9;4.0;0.0;0.2953;11.8711;-0.8193;-1.6732;20:31:18;Tendencia de Queda (Estavel);94.86;94.82;94.78;94.74;94.71
2;3;SRV-DTIC-PROD;2026-05-20 20:31:18;94.9;20.9;4.0;0.0;0.2953;11.8711;-0.8193;-1.6732;20:31:18;Tendencia de Queda (Estavel);94.86;94.82;94.78;94.74;94.71
2;3;SRV-DTIC-PROD;2026-05-20 20:31:18;94.9;20.9;4.0;0.0;0.2953;11.8711;-0.8193;-1.6732;20:31:18;Tendencia de Queda (Estavel);94.86;94.82;94.78;94.74;94.71
2;3;SRV-DTIC-PROD;2026-05-20 20:31:18;94.9;20.9;4.0;0.0;0.2953;11.8711;-0.8193;-1.6732;20:31:18;Tendencia de Queda (Estavel);94.86;94.82;94.78;94.74;94.71
2;3;SRV-DTIC-PROD;2026-05-20 20:31:18;94.9;20.9;4.0;0.0;0.2953;11.8711;-0.8193;-1.6732;20:31:18;Tendencia de Queda (Estavel);94.86;94.82;94.78;94.74;94.71
2;3;SRV-DTIC-PROD;2026-05-20 20:31:18;94.9;20.9;4.0;0.0;0.2953;11.8711;-0.8193;-1.6732;20:31:18;Tendencia de Queda (Estavel);94.86;94.82;94.78;94.74;94.71
2;3;SRV-DTIC-PROD;2026-05-20 20:31:37;97.1;20.6;9.0;0.0;0.3114;11.8514;-0.9911;4.1962;20:31:37;0.69 min;97.2;97.31;97.41;97.51;97.62
2;3;SRV-DTIC-PROD;2026-05-20 20:31:37;97.1;20.6;9.0;0.0;0.3114;11.8514;-0.9911;4.1962;20:31:37;0.69 min;97.2;97.31;97.41;97.51;97.62
2;3;SRV-DTIC-PROD;2026-05-20 20:31:37;97.1;20.6;9.0;0.0;0.3114;11.8514;-0.9911;4.1962;20:31:37;0.69 min;97.2;97.31;97.41;97.51;97.62
2;3;SRV-DTIC-PROD;2026-05-20 20:31:37;97.1;20.6;9.0;0.0;0.3114;11.8514;-0.9911;4.1962;20:31:37;0.69 min;97.2;97.31;97.41;97.51;97.62
2;3;SRV-DTIC-PROD;2026-05-20 20:31:37;97.1;20.6;9.0;0.0;0.3114;11.8514;-0.9911;4.1962;20:31:37;0.69 min;97.2;97.31;97.41;97.51;97.62
2;3;SRV-DTIC-PROD;2026-05-20 20:31:37;97.1;20.6;9.0;0.0;0.3114;11.8514;-0.9911;4.1962;20:31:37;0.69 min;97.2;97.31;97.41;97.51;97.62
2;3;SRV-DTIC-PROD;2026-05-20 20:31:37;97.1;20.6;9.0;0.0;0.3114;11.8514;-0.9911;4.1962;20:31:37;0.69 min;97.2;97.31;97.41;97.51;97.62
2;3;SRV-DTIC-PROD;2026-05-20 20:31:37;97.1;20.6;9.0;0.0;0.3114;11.8514;-0.9911;4.1962;20:31:37;0.69 min;97.2;97.31;97.41;97.51;97.62
2;3;SRV-DTIC-PROD;2026-05-20 20:31:37;97.1;20.6;9.0;0.0;0.3114;11.8514;-0.9911;4.1962;20:31:37;0.69 min;97.2;97.31;97.41;97.51;97.62
2;3;SRV-DTIC-PROD;2026-05-20 20:31:37;97.1;20.6;9.0;0.0;0.3114;11.8514;-0.9911;4.1962;20:31:37;0.69 min;97.2;97.31;97.41;97.51;97.62
2;3;SRV-DTIC-PROD;2026-05-20 20:31:55;96.8;22.7;6.25;0.0;0.3164;11.8155;0.1062;2.3291;20:31:55;1.37 min;96.86;96.92;96.99;97.05;97.11
2;3;SRV-DTIC-PROD;2026-05-20 20:31:55;96.8;22.7;6.25;0.0;0.3164;11.8155;0.1062;2.3291;20:31:55;1.37 min;96.86;96.92;96.99;97.05;97.11
2;3;SRV-DTIC-PROD;2026-05-20 20:31:55;96.8;22.7;6.25;0.0;0.3164;11.8155;0.1062;2.3291;20:31:55;1.37 min;96.86;96.92;96.99;97.05;97.11
2;3;SRV-DTIC-PROD;2026-05-20 20:31:55;96.8;22.7;6.25;0.0;0.3164;11.8155;0.1062;2.3291;20:31:55;1.37 min;96.86;96.92;96.99;97.05;97.11
2;3;SRV-DTIC-PROD;2026-05-20 20:31:55;96.8;22.7;6.25;0.0;0.3164;11.8155;0.1062;2.3291;20:31:55;1.37 min;96.86;96.92;96.99;97.05;97.11
2;3;SRV-DTIC-PROD;2026-05-20 20:31:55;96.8;22.7;6.25;0.0;0.3164;11.8155;0.1062;2.3291;20:31:55;1.37 min;96.86;96.92;96.99;97.05;97.11
2;3;SRV-DTIC-PROD;2026-05-20 20:31:55;96.8;22.7;6.25;0.0;0.3164;11.8155;0.1062;2.3291;20:31:55;1.37 min;96.86;96.92;96.99;97.05;97.11
2;3;SRV-DTIC-PROD;2026-05-20 20:31:55;96.8;22.7;6.25;0.0;0.3164;11.8155;0.1062;2.3291;20:31:55;1.37 min;96.86;96.92;96.99;97.05;97.11
2;3;SRV-DTIC-PROD;2026-05-20 20:31:55;96.8;22.7;6.25;0.0;0.3164;11.8155;0.1062;2.3291;20:31:55;1.37 min;96.86;96.92;96.99;97.05;97.11
2;3;SRV-DTIC-PROD;2026-05-20 20:31:55;96.8;22.7;6.25;0.0;0.3164;11.8155;0.1062;2.3291;20:31:55;1.37 min;96.86;96.92;96.99;97.05;97.11
2;3;SRV-DTIC-PROD;2026-05-20 20:32:10;95.8;22.6;9.75;0.0;0.2983;11.7915;-0.496;-2.6059;20:32:10;Tendencia de Queda (Estavel);95.74;95.68;95.61;95.55;95.49
2;3;SRV-DTIC-PROD;2026-05-20 20:32:10;95.8;22.6;9.75;0.0;0.2983;11.7915;-0.496;-2.6059;20:32:10;Tendencia de Queda (Estavel);95.74;95.68;95.61;95.55;95.49
2;3;SRV-DTIC-PROD;2026-05-20 20:32:10;95.8;22.6;9.75;0.0;0.2983;11.7915;-0.496;-2.6059;20:32:10;Tendencia de Queda (Estavel);95.74;95.68;95.61;95.55;95.49
2;3;SRV-DTIC-PROD;2026-05-20 20:32:10;95.8;22.6;9.75;0.0;0.2983;11.7915;-0.496;-2.6059;20:32:10;Tendencia de Queda (Estavel);95.74;95.68;95.61;95.55;95.49
2;3;SRV-DTIC-PROD;2026-05-20 20:32:10;95.8;22.6;9.75;0.0;0.2983;11.7915;-0.496;-2.6059;20:32:10;Tendencia de Queda (Estavel);95.74;95.68;95.61;95.55;95.49
2;3;SRV-DTIC-PROD;2026-05-20 20:32:10;95.8;22.6;9.75;0.0;0.2983;11.7915;-0.496;-2.6059;20:32:10;Tendencia de Queda (Estavel);95.74;95.68;95.61;95.55;95.49
2;3;SRV-DTIC-PROD;2026-05-20 20:32:10;95.8;22.6;9.75;0.0;0.2983;11.7915;-0.496;-2.6059;20:32:10;Tendencia de Queda (Estavel);95.74;95.68;95.61;95.55;95.49
2;3;SRV-DTIC-PROD;2026-05-20 20:32:10;95.8;22.6;9.75;0.0;0.2983;11.7915;-0.496;-2.6059;20:32:10;Tendencia de Queda (Estavel);95.74;95.68;95.61;95.55;95.49
2;3;SRV-DTIC-PROD;2026-05-20 20:32:10;95.8;22.6;9.75;0.0;0.2983;11.7915;-0.496;-2.6059;20:32:10;Tendencia de Queda (Estavel);95.74;95.68;95.61;95.55;95.49
2;3;SRV-DTIC-PROD;2026-05-20 20:32:10;95.8;22.6;9.75;0.0;0.2983;11.7915;-0.496;-2.6059;20:32:10;Tendencia de Queda (Estavel);95.74;95.68;95.61;95.55;95.49
2;3;SRV-DTIC-PROD;2026-05-20 20:32:26;95.2;22.6;1.75;0.0;0.2995;11.8582;0.8705;-2.9113;20:32:26;Tendencia de Queda (Estavel);95.13;95.07;95.0;94.94;94.87
2;3;SRV-DTIC-PROD;2026-05-20 20:32:26;95.2;22.6;1.75;0.0;0.2995;11.8582;0.8705;-2.9113;20:32:26;Tendencia de Queda (Estavel);95.13;95.07;95.0;94.94;94.87
2;3;SRV-DTIC-PROD;2026-05-20 20:32:26;95.2;22.6;1.75;0.0;0.2995;11.8582;0.8705;-2.9113;20:32:26;Tendencia de Queda (Estavel);95.13;95.07;95.0;94.94;94.87
2;3;SRV-DTIC-PROD;2026-05-20 20:32:26;95.2;22.6;1.75;0.0;0.2995;11.8582;0.8705;-2.9113;20:32:26;Tendencia de Queda (Estavel);95.13;95.07;95.0;94.94;94.87
2;3;SRV-DTIC-PROD;2026-05-20 20:32:26;95.2;22.6;1.75;0.0;0.2995;11.8582;0.8705;-2.9113;20:32:26;Tendencia de Queda (Estavel);95.13;95.07;95.0;94.94;94.87
2;3;SRV-DTIC-PROD;2026-05-20 20:32:26;95.2;22.6;1.75;0.0;0.2995;11.8582;0.8705;-2.9113;20:32:26;Tendencia de Queda (Estavel);95.13;95.07;95.0;94.94;94.87
2;3;SRV-DTIC-PROD;2026-05-20 20:32:26;95.2;22.6;1.75;0.0;0.2995;11.8582;0.8705;-2.9113;20:32:26;Tendencia de Queda (Estavel);95.13;95.07;95.0;94.94;94.87
2;3;SRV-DTIC-PROD;2026-05-20 20:32:26;95.2;22.6;1.75;0.0;0.2995;11.8582;0.8705;-2.9113;20:32:26;Tendencia de Queda (Estavel);95.13;95.07;95.0;94.94;94.87
2;3;SRV-DTIC-PROD;2026-05-20 20:32:26;95.2;22.6;1.75;0.0;0.2995;11.8582;0.8705;-2.9113;20:32:26;Tendencia de Queda (Estavel);95.13;95.07;95.0;94.94;94.87
2;3;SRV-DTIC-PROD;2026-05-20 20:32:26;95.2;22.6;1.75;0.0;0.2995;11.8582;0.8705;-2.9113;20:32:26;Tendencia de Queda (Estavel);95.13;95.07;95.0;94.94;94.87
2;3;SRV-DTIC-PROD;2026-05-20 20:32:44;96.7;22.6;24.5;0.0;0.3009;11.8369;-0.0;2.3897;20:32:44;1.38 min;96.76;96.82;96.88;96.94;96.99
2;3;SRV-DTIC-PROD;2026-05-20 20:32:44;96.7;22.6;24.5;0.0;0.3009;11.8369;-0.0;2.3897;20:32:44;1.38 min;96.76;96.82;96.88;96.94;96.99
2;3;SRV-DTIC-PROD;2026-05-20 20:32:44;96.7;22.6;24.5;0.0;0.3009;11.8369;-0.0;2.3897;20:32:44;1.38 min;96.76;96.82;96.88;96.94;96.99
2;3;SRV-DTIC-PROD;2026-05-20 20:32:44;96.7;22.6;24.5;0.0;0.3009;11.8369;-0.0;2.3897;20:32:44;1.38 min;96.76;96.82;96.88;96.94;96.99
2;3;SRV-DTIC-PROD;2026-05-20 20:32:44;96.7;22.6;24.5;0.0;0.3009;11.8369;-0.0;2.3897;20:32:44;1.38 min;96.76;96.82;96.88;96.94;96.99
2;3;SRV-DTIC-PROD;2026-05-20 20:32:44;96.7;22.6;24.5;0.0;0.3009;11.8369;-0.0;2.3897;20:32:44;1.38 min;96.76;96.82;96.88;96.94;96.99
2;3;SRV-DTIC-PROD;2026-05-20 20:32:44;96.7;22.6;24.5;0.0;0.3009;11.8369;-0.0;2.3897;20:32:44;1.38 min;96.76;96.82;96.88;96.94;96.99
2;3;SRV-DTIC-PROD;2026-05-20 20:32:44;96.7;22.6;24.5;0.0;0.3009;11.8369;-0.0;2.3897;20:32:44;1.38 min;96.76;96.82;96.88;96.94;96.99
2;3;SRV-DTIC-PROD;2026-05-20 20:32:44;96.7;22.6;24.5;0.0;0.3009;11.8369;-0.0;2.3897;20:32:44;1.38 min;96.76;96.82;96.88;96.94;96.99
2;3;SRV-DTIC-PROD;2026-05-20 20:32:44;96.7;22.6;24.5;0.0;0.3009;11.8369;-0.0;2.3897;20:32:44;1.38 min;96.76;96.82;96.88;96.94;96.99
2;3;SRV-DTIC-PROD;2026-05-20 20:33:00;95.7;22.6;5.5;0.0;0.3067;11.8259;0.0;0.1132;20:33:00;37.99 min;95.7;95.71;95.71;95.71;95.71
2;3;SRV-DTIC-PROD;2026-05-20 20:33:00;95.7;22.6;5.5;0.0;0.3067;11.8259;0.0;0.1132;20:33:00;37.99 min;95.7;95.71;95.71;95.71;95.71
2;3;SRV-DTIC-PROD;2026-05-20 20:33:00;95.7;22.6;5.5;0.0;0.3067;11.8259;0.0;0.1132;20:33:00;37.99 min;95.7;95.71;95.71;95.71;95.71
2;3;SRV-DTIC-PROD;2026-05-20 20:33:00;95.7;22.6;5.5;0.0;0.3067;11.8259;0.0;0.1132;20:33:00;37.99 min;95.7;95.71;95.71;95.71;95.71
2;3;SRV-DTIC-PROD;2026-05-20 20:33:00;95.7;22.6;5.5;0.0;0.3067;11.8259;0.0;0.1132;20:33:00;37.99 min;95.7;95.71;95.71;95.71;95.71
2;3;SRV-DTIC-PROD;2026-05-20 20:33:00;95.7;22.6;5.5;0.0;0.3067;11.8259;0.0;0.1132;20:33:00;37.99 min;95.7;95.71;95.71;95.71;95.71
2;3;SRV-DTIC-PROD;2026-05-20 20:33:00;95.7;22.6;5.5;0.0;0.3067;11.8259;0.0;0.1132;20:33:00;37.99 min;95.7;95.71;95.71;95.71;95.71
2;3;SRV-DTIC-PROD;2026-05-20 20:33:00;95.7;22.6;5.5;0.0;0.3067;11.8259;0.0;0.1132;20:33:00;37.99 min;95.7;95.71;95.71;95.71;95.71
2;3;SRV-DTIC-PROD;2026-05-20 20:33:00;95.7;22.6;5.5;0.0;0.3067;11.8259;0.0;0.1132;20:33:00;37.99 min;95.7;95.71;95.71;95.71;95.71
2;3;SRV-DTIC-PROD;2026-05-20 20:33:00;95.7;22.6;5.5;0.0;0.3067;11.8259;0.0;0.1132;20:33:00;37.99 min;95.7;95.71;95.71;95.71;95.71
2;3;SRV-DTIC-PROD;2026-05-20 20:33:15;96.2;22.6;6.0;0.0;0.3097;11.883;0.0;-0.4299;20:33:15;Tendencia de Queda (Estavel);96.19;96.18;96.17;96.16;96.15
2;3;SRV-DTIC-PROD;2026-05-20 20:33:15;96.2;22.6;6.0;0.0;0.3097;11.883;0.0;-0.4299;20:33:15;Tendencia de Queda (Estavel);96.19;96.18;96.17;96.16;96.15
2;3;SRV-DTIC-PROD;2026-05-20 20:33:15;96.2;22.6;6.0;0.0;0.3097;11.883;0.0;-0.4299;20:33:15;Tendencia de Queda (Estavel);96.19;96.18;96.17;96.16;96.15
2;3;SRV-DTIC-PROD;2026-05-20 20:33:15;96.2;22.6;6.0;0.0;0.3097;11.883;0.0;-0.4299;20:33:15;Tendencia de Queda (Estavel);96.19;96.18;96.17;96.16;96.15
2;3;SRV-DTIC-PROD;2026-05-20 20:33:15;96.2;22.6;6.0;0.0;0.3097;11.883;0.0;-0.4299;20:33:15;Tendencia de Queda (Estavel);96.19;96.18;96.17;96.16;96.15
2;3;SRV-DTIC-PROD;2026-05-20 20:33:15;96.2;22.6;6.0;0.0;0.3097;11.883;0.0;-0.4299;20:33:15;Tendencia de Queda (Estavel);96.19;96.18;96.17;96.16;96.15
2;3;SRV-DTIC-PROD;2026-05-20 20:33:15;96.2;22.6;6.0;0.0;0.3097;11.883;0.0;-0.4299;20:33:15;Tendencia de Queda (Estavel);96.19;96.18;96.17;96.16;96.15
2;3;SRV-DTIC-PROD;2026-05-20 20:33:15;96.2;22.6;6.0;0.0;0.3097;11.883;0.0;-0.4299;20:33:15;Tendencia de Queda (Estavel);96.19;96.18;96.17;96.16;96.15
2;3;SRV-DTIC-PROD;2026-05-20 20:33:15;96.2;22.6;6.0;0.0;0.3097;11.883;0.0;-0.4299;20:33:15;Tendencia de Queda (Estavel);96.19;96.18;96.17;96.16;96.15
2;3;SRV-DTIC-PROD;2026-05-20 20:33:15;96.2;22.6;6.0;0.0;0.3097;11.883;0.0;-0.4299;20:33:15;Tendencia de Queda (Estavel);96.19;96.18;96.17;96.16;96.15
2;3;SRV-DTIC-PROD;2026-05-20 20:33:31;95.0;26.3;17.25;0.0;0.2957;11.7797;-0.9493;-2.0438;20:33:31;Tendencia de Queda (Estavel);94.95;94.91;94.86;94.82;94.77
2;3;SRV-DTIC-PROD;2026-05-20 20:33:31;95.0;26.3;17.25;0.0;0.2957;11.7797;-0.9493;-2.0438;20:33:31;Tendencia de Queda (Estavel);94.95;94.91;94.86;94.82;94.77
2;3;SRV-DTIC-PROD;2026-05-20 20:33:31;95.0;26.3;17.25;0.0;0.2957;11.7797;-0.9493;-2.0438;20:33:31;Tendencia de Queda (Estavel);94.95;94.91;94.86;94.82;94.77
2;3;SRV-DTIC-PROD;2026-05-20 20:33:31;95.0;26.3;17.25;0.0;0.2957;11.7797;-0.9493;-2.0438;20:33:31;Tendencia de Queda (Estavel);94.95;94.91;94.86;94.82;94.77
2;3;SRV-DTIC-PROD;2026-05-20 20:33:31;95.0;26.3;17.25;0.0;0.2957;11.7797;-0.9493;-2.0438;20:33:31;Tendencia de Queda (Estavel);94.95;94.91;94.86;94.82;94.77
2;3;SRV-DTIC-PROD;2026-05-20 20:33:31;95.0;26.3;17.25;0.0;0.2957;11.7797;-0.9493;-2.0438;20:33:31;Tendencia de Queda (Estavel);94.95;94.91;94.86;94.82;94.77
2;3;SRV-DTIC-PROD;2026-05-20 20:33:31;95.0;26.3;17.25;0.0;0.2957;11.7797;-0.9493;-2.0438;20:33:31;Tendencia de Queda (Estavel);94.95;94.91;94.86;94.82;94.77
2;3;SRV-DTIC-PROD;2026-05-20 20:33:31;95.0;26.3;17.25;0.0;0.2957;11.7797;-0.9493;-2.0438;20:33:31;Tendencia de Queda (Estavel);94.95;94.91;94.86;94.82;94.77
2;3;SRV-DTIC-PROD;2026-05-20 20:33:31;95.0;26.3;17.25;0.0;0.2957;11.7797;-0.9493;-2.0438;20:33:31;Tendencia de Queda (Estavel);94.95;94.91;94.86;94.82;94.77
2;3;SRV-DTIC-PROD;2026-05-20 20:33:31;95.0;26.3;17.25;0.0;0.2957;11.7797;-0.9493;-2.0438;20:33:31;Tendencia de Queda (Estavel);94.95;94.91;94.86;94.82;94.77
2;3;SRV-DTIC-PROD;2026-05-20 20:33:47;94.6;26.3;5.25;0.0;0.3019;11.785;-0.9439;-2.7;20:33:47;Tendencia de Queda (Estavel);94.54;94.47;94.41;94.35;94.29
2;3;SRV-DTIC-PROD;2026-05-20 20:33:47;94.6;26.3;5.25;0.0;0.3019;11.785;-0.9439;-2.7;20:33:47;Tendencia de Queda (Estavel);94.54;94.47;94.41;94.35;94.29
2;3;SRV-DTIC-PROD;2026-05-20 20:33:47;94.6;26.3;5.25;0.0;0.3019;11.785;-0.9439;-2.7;20:33:47;Tendencia de Queda (Estavel);94.54;94.47;94.41;94.35;94.29
2;3;SRV-DTIC-PROD;2026-05-20 20:33:47;94.6;26.3;5.25;0.0;0.3019;11.785;-0.9439;-2.7;20:33:47;Tendencia de Queda (Estavel);94.54;94.47;94.41;94.35;94.29
2;3;SRV-DTIC-PROD;2026-05-20 20:33:47;94.6;26.3;5.25;0.0;0.3019;11.785;-0.9439;-2.7;20:33:47;Tendencia de Queda (Estavel);94.54;94.47;94.41;94.35;94.29
2;3;SRV-DTIC-PROD;2026-05-20 20:33:47;94.6;26.3;5.25;0.0;0.3019;11.785;-0.9439;-2.7;20:33:47;Tendencia de Queda (Estavel);94.54;94.47;94.41;94.35;94.29
2;3;SRV-DTIC-PROD;2026-05-20 20:33:47;94.6;26.3;5.25;0.0;0.3019;11.785;-0.9439;-2.7;20:33:47;Tendencia de Queda (Estavel);94.54;94.47;94.41;94.35;94.29
2;3;SRV-DTIC-PROD;2026-05-20 20:33:47;94.6;26.3;5.25;0.0;0.3019;11.785;-0.9439;-2.7;20:33:47;Tendencia de Queda (Estavel);94.54;94.47;94.41;94.35;94.29
2;3;SRV-DTIC-PROD;2026-05-20 20:33:47;94.6;26.3;5.25;0.0;0.3019;11.785;-0.9439;-2.7;20:33:47;Tendencia de Queda (Estavel);94.54;94.47;94.41;94.35;94.29
2;3;SRV-DTIC-PROD;2026-05-20 20:33:47;94.6;26.3;5.25;0.0;0.3019;11.785;-0.9439;-2.7;20:33:47;Tendencia de Queda (Estavel);94.54;94.47;94.41;94.35;94.29
2;3;SRV-DTIC-PROD;2026-05-20 20:34:02;94.3;26.3;10.0;0.0;0.2978;11.8355;0.0;-1.3268;20:34:02;Tendencia de Queda (Estavel);94.27;94.24;94.21;94.18;94.15
2;3;SRV-DTIC-PROD;2026-05-20 20:34:02;94.3;26.3;10.0;0.0;0.2978;11.8355;0.0;-1.3268;20:34:02;Tendencia de Queda (Estavel);94.27;94.24;94.21;94.18;94.15
2;3;SRV-DTIC-PROD;2026-05-20 20:34:02;94.3;26.3;10.0;0.0;0.2978;11.8355;0.0;-1.3268;20:34:02;Tendencia de Queda (Estavel);94.27;94.24;94.21;94.18;94.15
2;3;SRV-DTIC-PROD;2026-05-20 20:34:02;94.3;26.3;10.0;0.0;0.2978;11.8355;0.0;-1.3268;20:34:02;Tendencia de Queda (Estavel);94.27;94.24;94.21;94.18;94.15
2;3;SRV-DTIC-PROD;2026-05-20 20:34:02;94.3;26.3;10.0;0.0;0.2978;11.8355;0.0;-1.3268;20:34:02;Tendencia de Queda (Estavel);94.27;94.24;94.21;94.18;94.15
2;3;SRV-DTIC-PROD;2026-05-20 20:34:02;94.3;26.3;10.0;0.0;0.2978;11.8355;0.0;-1.3268;20:34:02;Tendencia de Queda (Estavel);94.27;94.24;94.21;94.18;94.15
2;3;SRV-DTIC-PROD;2026-05-20 20:34:02;94.3;26.3;10.0;0.0;0.2978;11.8355;0.0;-1.3268;20:34:02;Tendencia de Queda (Estavel);94.27;94.24;94.21;94.18;94.15
2;3;SRV-DTIC-PROD;2026-05-20 20:34:02;94.3;26.3;10.0;0.0;0.2978;11.8355;0.0;-1.3268;20:34:02;Tendencia de Queda (Estavel);94.27;94.24;94.21;94.18;94.15
2;3;SRV-DTIC-PROD;2026-05-20 20:34:02;94.3;26.3;10.0;0.0;0.2978;11.8355;0.0;-1.3268;20:34:02;Tendencia de Queda (Estavel);94.27;94.24;94.21;94.18;94.15
2;3;SRV-DTIC-PROD;2026-05-20 20:34:02;94.3;26.3;10.0;0.0;0.2978;11.8355;0.0;-1.3268;20:34:02;Tendencia de Queda (Estavel);94.27;94.24;94.21;94.18;94.15
2;3;SRV-DTIC-PROD;2026-05-20 20:34:18;93.6;26.3;2.75;0.0;0.3038;11.841;0.0;-2.0865;20:34:18;Tendencia de Queda (Estavel);93.55;93.51;93.46;93.41;93.37
2;3;SRV-DTIC-PROD;2026-05-20 20:34:18;93.6;26.3;2.75;0.0;0.3038;11.841;0.0;-2.0865;20:34:18;Tendencia de Queda (Estavel);93.55;93.51;93.46;93.41;93.37
2;3;SRV-DTIC-PROD;2026-05-20 20:34:18;93.6;26.3;2.75;0.0;0.3038;11.841;0.0;-2.0865;20:34:18;Tendencia de Queda (Estavel);93.55;93.51;93.46;93.41;93.37
2;3;SRV-DTIC-PROD;2026-05-20 20:34:18;93.6;26.3;2.75;0.0;0.3038;11.841;0.0;-2.0865;20:34:18;Tendencia de Queda (Estavel);93.55;93.51;93.46;93.41;93.37
2;3;SRV-DTIC-PROD;2026-05-20 20:34:18;93.6;26.3;2.75;0.0;0.3038;11.841;0.0;-2.0865;20:34:18;Tendencia de Queda (Estavel);93.55;93.51;93.46;93.41;93.37
2;3;SRV-DTIC-PROD;2026-05-20 20:34:18;93.6;26.3;2.75;0.0;0.3038;11.841;0.0;-2.0865;20:34:18;Tendencia de Queda (Estavel);93.55;93.51;93.46;93.41;93.37
2;3;SRV-DTIC-PROD;2026-05-20 20:34:18;93.6;26.3;2.75;0.0;0.3038;11.841;0.0;-2.0865;20:34:18;Tendencia de Queda (Estavel);93.55;93.51;93.46;93.41;93.37
2;3;SRV-DTIC-PROD;2026-05-20 20:34:18;93.6;26.3;2.75;0.0;0.3038;11.841;0.0;-2.0865;20:34:18;Tendencia de Queda (Estavel);93.55;93.51;93.46;93.41;93.37
2;3;SRV-DTIC-PROD;2026-05-20 20:34:18;93.6;26.3;2.75;0.0;0.3038;11.841;0.0;-2.0865;20:34:18;Tendencia de Queda (Estavel);93.55;93.51;93.46;93.41;93.37
2;3;SRV-DTIC-PROD;2026-05-20 20:34:18;93.6;26.3;2.75;0.0;0.3038;11.841;0.0;-2.0865;20:34:18;Tendencia de Queda (Estavel);93.55;93.51;93.46;93.41;93.37
2;3;SRV-DTIC-PROD;2026-05-20 20:34:34;94.7;27.1;16.0;0.0;0.3773;11.8379;0.8783;1.425;20:34:34;3.72 min;94.73;94.77;94.8;94.83;94.87
2;3;SRV-DTIC-PROD;2026-05-20 20:34:34;94.7;27.1;16.0;0.0;0.3773;11.8379;0.8783;1.425;20:34:34;3.72 min;94.73;94.77;94.8;94.83;94.87
2;3;SRV-DTIC-PROD;2026-05-20 20:34:34;94.7;27.1;16.0;0.0;0.3773;11.8379;0.8783;1.425;20:34:34;3.72 min;94.73;94.77;94.8;94.83;94.87
2;3;SRV-DTIC-PROD;2026-05-20 20:34:34;94.7;27.1;16.0;0.0;0.3773;11.8379;0.8783;1.425;20:34:34;3.72 min;94.73;94.77;94.8;94.83;94.87
2;3;SRV-DTIC-PROD;2026-05-20 20:34:34;94.7;27.1;16.0;0.0;0.3773;11.8379;0.8783;1.425;20:34:34;3.72 min;94.73;94.77;94.8;94.83;94.87
2;3;SRV-DTIC-PROD;2026-05-20 20:34:34;94.7;27.1;16.0;0.0;0.3773;11.8379;0.8783;1.425;20:34:34;3.72 min;94.73;94.77;94.8;94.83;94.87
2;3;SRV-DTIC-PROD;2026-05-20 20:34:34;94.7;27.1;16.0;0.0;0.3773;11.8379;0.8783;1.425;20:34:34;3.72 min;94.73;94.77;94.8;94.83;94.87
2;3;SRV-DTIC-PROD;2026-05-20 20:34:34;94.7;27.1;16.0;0.0;0.3773;11.8379;0.8783;1.425;20:34:34;3.72 min;94.73;94.77;94.8;94.83;94.87
2;3;SRV-DTIC-PROD;2026-05-20 20:34:34;94.7;27.1;16.0;0.0;0.3773;11.8379;0.8783;1.425;20:34:34;3.72 min;94.73;94.77;94.8;94.83;94.87
2;3;SRV-DTIC-PROD;2026-05-20 20:34:34;94.7;27.1;16.0;0.0;0.3773;11.8379;0.8783;1.425;20:34:34;3.72 min;94.73;94.77;94.8;94.83;94.87
2;3;SRV-DTIC-PROD;2026-05-20 20:34:53;93.9;27.0;19.75;0.0;0.3105;11.7885;0.7049;-0.2492;20:34:53;Tendencia de Queda (Estavel);93.89;93.89;93.88;93.87;93.87
2;3;SRV-DTIC-PROD;2026-05-20 20:34:53;93.9;27.0;19.75;0.0;0.3105;11.7885;0.7049;-0.2492;20:34:53;Tendencia de Queda (Estavel);93.89;93.89;93.88;93.87;93.87
2;3;SRV-DTIC-PROD;2026-05-20 20:34:53;93.9;27.0;19.75;0.0;0.3105;11.7885;0.7049;-0.2492;20:34:53;Tendencia de Queda (Estavel);93.89;93.89;93.88;93.87;93.87
2;3;SRV-DTIC-PROD;2026-05-20 20:34:53;93.9;27.0;19.75;0.0;0.3105;11.7885;0.7049;-0.2492;20:34:53;Tendencia de Queda (Estavel);93.89;93.89;93.88;93.87;93.87
2;3;SRV-DTIC-PROD;2026-05-20 20:34:53;93.9;27.0;19.75;0.0;0.3105;11.7885;0.7049;-0.2492;20:34:53;Tendencia de Queda (Estavel);93.89;93.89;93.88;93.87;93.87
2;3;SRV-DTIC-PROD;2026-05-20 20:34:53;93.9;27.0;19.75;0.0;0.3105;11.7885;0.7049;-0.2492;20:34:53;Tendencia de Queda (Estavel);93.89;93.89;93.88;93.87;93.87
2;3;SRV-DTIC-PROD;2026-05-20 20:34:53;93.9;27.0;19.75;0.0;0.3105;11.7885;0.7049;-0.2492;20:34:53;Tendencia de Queda (Estavel);93.89;93.89;93.88;93.87;93.87
2;3;SRV-DTIC-PROD;2026-05-20 20:34:53;93.9;27.0;19.75;0.0;0.3105;11.7885;0.7049;-0.2492;20:34:53;Tendencia de Queda (Estavel);93.89;93.89;93.88;93.87;93.87
2;3;SRV-DTIC-PROD;2026-05-20 20:34:53;93.9;27.0;19.75;0.0;0.3105;11.7885;0.7049;-0.2492;20:34:53;Tendencia de Queda (Estavel);93.89;93.89;93.88;93.87;93.87
2;3;SRV-DTIC-PROD;2026-05-20 20:34:53;93.9;27.0;19.75;0.0;0.3105;11.7885;0.7049;-0.2492;20:34:53;Tendencia de Queda (Estavel);93.89;93.89;93.88;93.87;93.87
2;3;SRV-DTIC-PROD;2026-05-20 20:35:09;94.0;27.0;2.5;0.0;0.3131;11.7885;0.9869;-0.9623;20:35:09;Tendencia de Queda (Estavel);93.98;93.95;93.93;93.9;93.88
2;3;SRV-DTIC-PROD;2026-05-20 20:35:09;94.0;27.0;2.5;0.0;0.3131;11.7885;0.9869;-0.9623;20:35:09;Tendencia de Queda (Estavel);93.98;93.95;93.93;93.9;93.88
2;3;SRV-DTIC-PROD;2026-05-20 20:35:09;94.0;27.0;2.5;0.0;0.3131;11.7885;0.9869;-0.9623;20:35:09;Tendencia de Queda (Estavel);93.98;93.95;93.93;93.9;93.88
2;3;SRV-DTIC-PROD;2026-05-20 20:35:09;94.0;27.0;2.5;0.0;0.3131;11.7885;0.9869;-0.9623;20:35:09;Tendencia de Queda (Estavel);93.98;93.95;93.93;93.9;93.88
2;3;SRV-DTIC-PROD;2026-05-20 20:35:09;94.0;27.0;2.5;0.0;0.3131;11.7885;0.9869;-0.9623;20:35:09;Tendencia de Queda (Estavel);93.98;93.95;93.93;93.9;93.88
2;3;SRV-DTIC-PROD;2026-05-20 20:35:09;94.0;27.0;2.5;0.0;0.3131;11.7885;0.9869;-0.9623;20:35:09;Tendencia de Queda (Estavel);93.98;93.95;93.93;93.9;93.88
2;3;SRV-DTIC-PROD;2026-05-20 20:35:09;94.0;27.0;2.5;0.0;0.3131;11.7885;0.9869;-0.9623;20:35:09;Tendencia de Queda (Estavel);93.98;93.95;93.93;93.9;93.88
2;3;SRV-DTIC-PROD;2026-05-20 20:35:09;94.0;27.0;2.5;0.0;0.3131;11.7885;0.9869;-0.9623;20:35:09;Tendencia de Queda (Estavel);93.98;93.95;93.93;93.9;93.88
2;3;SRV-DTIC-PROD;2026-05-20 20:35:09;94.0;27.0;2.5;0.0;0.3131;11.7885;0.9869;-0.9623;20:35:09;Tendencia de Queda (Estavel);93.98;93.95;93.93;93.9;93.88
2;3;SRV-DTIC-PROD;2026-05-20 20:35:09;94.0;27.0;2.5;0.0;0.3131;11.7885;0.9869;-0.9623;20:35:09;Tendencia de Queda (Estavel);93.98;93.95;93.93;93.9;93.88
2;3;SRV-DTIC-PROD;2026-05-20 20:35:25;93.9;27.0;2.75;0.0;0.2993;11.8108;0.0;-0.075;20:35:25;Tendencia de Queda (Estavel);93.9;93.9;93.89;93.89;93.89
2;3;SRV-DTIC-PROD;2026-05-20 20:35:25;93.9;27.0;2.75;0.0;0.2993;11.8108;0.0;-0.075;20:35:25;Tendencia de Queda (Estavel);93.9;93.9;93.89;93.89;93.89
2;3;SRV-DTIC-PROD;2026-05-20 20:35:25;93.9;27.0;2.75;0.0;0.2993;11.8108;0.0;-0.075;20:35:25;Tendencia de Queda (Estavel);93.9;93.9;93.89;93.89;93.89
2;3;SRV-DTIC-PROD;2026-05-20 20:35:25;93.9;27.0;2.75;0.0;0.2993;11.8108;0.0;-0.075;20:35:25;Tendencia de Queda (Estavel);93.9;93.9;93.89;93.89;93.89
2;3;SRV-DTIC-PROD;2026-05-20 20:35:25;93.9;27.0;2.75;0.0;0.2993;11.8108;0.0;-0.075;20:35:25;Tendencia de Queda (Estavel);93.9;93.9;93.89;93.89;93.89
2;3;SRV-DTIC-PROD;2026-05-20 20:35:25;93.9;27.0;2.75;0.0;0.2993;11.8108;0.0;-0.075;20:35:25;Tendencia de Queda (Estavel);93.9;93.9;93.89;93.89;93.89
2;3;SRV-DTIC-PROD;2026-05-20 20:35:25;93.9;27.0;2.75;0.0;0.2993;11.8108;0.0;-0.075;20:35:25;Tendencia de Queda (Estavel);93.9;93.9;93.89;93.89;93.89
2;3;SRV-DTIC-PROD;2026-05-20 20:35:25;93.9;27.0;2.75;0.0;0.2993;11.8108;0.0;-0.075;20:35:25;Tendencia de Queda (Estavel);93.9;93.9;93.89;93.89;93.89
2;3;SRV-DTIC-PROD;2026-05-20 20:35:25;93.9;27.0;2.75;0.0;0.2993;11.8108;0.0;-0.075;20:35:25;Tendencia de Queda (Estavel);93.9;93.9;93.89;93.89;93.89
2;3;SRV-DTIC-PROD;2026-05-20 20:35:25;93.9;27.0;2.75;0.0;0.2993;11.8108;0.0;-0.075;20:35:25;Tendencia de Queda (Estavel);93.9;93.9;93.89;93.89;93.89
2;3;SRV-DTIC-PROD;2026-05-20 20:35:40;93.6;27.0;2.0;0.0;0.3027;11.7879;0.0;-0.8514;20:35:40;Tendencia de Queda (Estavel);93.58;93.56;93.54;93.52;93.5
2;3;SRV-DTIC-PROD;2026-05-20 20:35:40;93.6;27.0;2.0;0.0;0.3027;11.7879;0.0;-0.8514;20:35:40;Tendencia de Queda (Estavel);93.58;93.56;93.54;93.52;93.5
2;3;SRV-DTIC-PROD;2026-05-20 20:35:40;93.6;27.0;2.0;0.0;0.3027;11.7879;0.0;-0.8514;20:35:40;Tendencia de Queda (Estavel);93.58;93.56;93.54;93.52;93.5
2;3;SRV-DTIC-PROD;2026-05-20 20:35:40;93.6;27.0;2.0;0.0;0.3027;11.7879;0.0;-0.8514;20:35:40;Tendencia de Queda (Estavel);93.58;93.56;93.54;93.52;93.5
2;3;SRV-DTIC-PROD;2026-05-20 20:35:40;93.6;27.0;2.0;0.0;0.3027;11.7879;0.0;-0.8514;20:35:40;Tendencia de Queda (Estavel);93.58;93.56;93.54;93.52;93.5
2;3;SRV-DTIC-PROD;2026-05-20 20:35:40;93.6;27.0;2.0;0.0;0.3027;11.7879;0.0;-0.8514;20:35:40;Tendencia de Queda (Estavel);93.58;93.56;93.54;93.52;93.5
2;3;SRV-DTIC-PROD;2026-05-20 20:35:40;93.6;27.0;2.0;0.0;0.3027;11.7879;0.0;-0.8514;20:35:40;Tendencia de Queda (Estavel);93.58;93.56;93.54;93.52;93.5
2;3;SRV-DTIC-PROD;2026-05-20 20:35:40;93.6;27.0;2.0;0.0;0.3027;11.7879;0.0;-0.8514;20:35:40;Tendencia de Queda (Estavel);93.58;93.56;93.54;93.52;93.5
2;3;SRV-DTIC-PROD;2026-05-20 20:35:40;93.6;27.0;2.0;0.0;0.3027;11.7879;0.0;-0.8514;20:35:40;Tendencia de Queda (Estavel);93.58;93.56;93.54;93.52;93.5
2;3;SRV-DTIC-PROD;2026-05-20 20:35:40;93.6;27.0;2.0;0.0;0.3027;11.7879;0.0;-0.8514;20:35:40;Tendencia de Queda (Estavel);93.58;93.56;93.54;93.52;93.5
2;3;SRV-DTIC-PROD;2026-05-20 20:35:56;96.0;27.4;16.0;0.0;0.304;11.7786;0.9959;5.1457;20:35:56;0.78 min;96.12;96.23;96.35;96.46;96.58
2;3;SRV-DTIC-PROD;2026-05-20 20:35:56;96.0;27.4;16.0;0.0;0.304;11.7786;0.9959;5.1457;20:35:56;0.78 min;96.12;96.23;96.35;96.46;96.58
2;3;SRV-DTIC-PROD;2026-05-20 20:35:56;96.0;27.4;16.0;0.0;0.304;11.7786;0.9959;5.1457;20:35:56;0.78 min;96.12;96.23;96.35;96.46;96.58
2;3;SRV-DTIC-PROD;2026-05-20 20:35:56;96.0;27.4;16.0;0.0;0.304;11.7786;0.9959;5.1457;20:35:56;0.78 min;96.12;96.23;96.35;96.46;96.58
2;3;SRV-DTIC-PROD;2026-05-20 20:35:56;96.0;27.4;16.0;0.0;0.304;11.7786;0.9959;5.1457;20:35:56;0.78 min;96.12;96.23;96.35;96.46;96.58
2;3;SRV-DTIC-PROD;2026-05-20 20:35:56;96.0;27.4;16.0;0.0;0.304;11.7786;0.9959;5.1457;20:35:56;0.78 min;96.12;96.23;96.35;96.46;96.58
2;3;SRV-DTIC-PROD;2026-05-20 20:35:56;96.0;27.4;16.0;0.0;0.304;11.7786;0.9959;5.1457;20:35:56;0.78 min;96.12;96.23;96.35;96.46;96.58
2;3;SRV-DTIC-PROD;2026-05-20 20:35:56;96.0;27.4;16.0;0.0;0.304;11.7786;0.9959;5.1457;20:35:56;0.78 min;96.12;96.23;96.35;96.46;96.58
2;3;SRV-DTIC-PROD;2026-05-20 20:35:56;96.0;27.4;16.0;0.0;0.304;11.7786;0.9959;5.1457;20:35:56;0.78 min;96.12;96.23;96.35;96.46;96.58
2;3;SRV-DTIC-PROD;2026-05-20 20:35:56;96.0;27.4;16.0;0.0;0.304;11.7786;0.9959;5.1457;20:35:56;0.78 min;96.12;96.23;96.35;96.46;96.58
2;3;SRV-DTIC-PROD;2026-05-20 20:36:11;92.2;35.0;10.25;0.0;0.4352;11.8406;-0.8624;-4.9733;20:36:11;Tendencia de Queda (Estavel);92.09;91.98;91.86;91.75;91.64
2;3;SRV-DTIC-PROD;2026-05-20 20:36:11;92.2;35.0;10.25;0.0;0.4352;11.8406;-0.8624;-4.9733;20:36:11;Tendencia de Queda (Estavel);92.09;91.98;91.86;91.75;91.64
2;3;SRV-DTIC-PROD;2026-05-20 20:36:11;92.2;35.0;10.25;0.0;0.4352;11.8406;-0.8624;-4.9733;20:36:11;Tendencia de Queda (Estavel);92.09;91.98;91.86;91.75;91.64
2;3;SRV-DTIC-PROD;2026-05-20 20:36:11;92.2;35.0;10.25;0.0;0.4352;11.8406;-0.8624;-4.9733;20:36:11;Tendencia de Queda (Estavel);92.09;91.98;91.86;91.75;91.64
2;3;SRV-DTIC-PROD;2026-05-20 20:36:11;92.2;35.0;10.25;0.0;0.4352;11.8406;-0.8624;-4.9733;20:36:11;Tendencia de Queda (Estavel);92.09;91.98;91.86;91.75;91.64
2;3;SRV-DTIC-PROD;2026-05-20 20:36:11;92.2;35.0;10.25;0.0;0.4352;11.8406;-0.8624;-4.9733;20:36:11;Tendencia de Queda (Estavel);92.09;91.98;91.86;91.75;91.64
2;3;SRV-DTIC-PROD;2026-05-20 20:36:11;92.2;35.0;10.25;0.0;0.4352;11.8406;-0.8624;-4.9733;20:36:11;Tendencia de Queda (Estavel);92.09;91.98;91.86;91.75;91.64
2;3;SRV-DTIC-PROD;2026-05-20 20:36:11;92.2;35.0;10.25;0.0;0.4352;11.8406;-0.8624;-4.9733;20:36:11;Tendencia de Queda (Estavel);92.09;91.98;91.86;91.75;91.64
2;3;SRV-DTIC-PROD;2026-05-20 20:36:11;92.2;35.0;10.25;0.0;0.4352;11.8406;-0.8624;-4.9733;20:36:11;Tendencia de Queda (Estavel);92.09;91.98;91.86;91.75;91.64
2;3;SRV-DTIC-PROD;2026-05-20 20:36:11;92.2;35.0;10.25;0.0;0.4352;11.8406;-0.8624;-4.9733;20:36:11;Tendencia de Queda (Estavel);92.09;91.98;91.86;91.75;91.64
2;3;SRV-DTIC-PROD;2026-05-20 20:36:27;94.6;31.4;6.75;0.0;0.3142;11.8381;-0.9807;-0.1446;20:36:27;Tendencia de Queda (Estavel);94.6;94.59;94.59;94.59;94.58
2;3;SRV-DTIC-PROD;2026-05-20 20:36:27;94.6;31.4;6.75;0.0;0.3142;11.8381;-0.9807;-0.1446;20:36:27;Tendencia de Queda (Estavel);94.6;94.59;94.59;94.59;94.58
2;3;SRV-DTIC-PROD;2026-05-20 20:36:27;94.6;31.4;6.75;0.0;0.3142;11.8381;-0.9807;-0.1446;20:36:27;Tendencia de Queda (Estavel);94.6;94.59;94.59;94.59;94.58
2;3;SRV-DTIC-PROD;2026-05-20 20:36:27;94.6;31.4;6.75;0.0;0.3142;11.8381;-0.9807;-0.1446;20:36:27;Tendencia de Queda (Estavel);94.6;94.59;94.59;94.59;94.58
2;3;SRV-DTIC-PROD;2026-05-20 20:36:27;94.6;31.4;6.75;0.0;0.3142;11.8381;-0.9807;-0.1446;20:36:27;Tendencia de Queda (Estavel);94.6;94.59;94.59;94.59;94.58
2;3;SRV-DTIC-PROD;2026-05-20 20:36:27;94.6;31.4;6.75;0.0;0.3142;11.8381;-0.9807;-0.1446;20:36:27;Tendencia de Queda (Estavel);94.6;94.59;94.59;94.59;94.58
2;3;SRV-DTIC-PROD;2026-05-20 20:36:27;94.6;31.4;6.75;0.0;0.3142;11.8381;-0.9807;-0.1446;20:36:27;Tendencia de Queda (Estavel);94.6;94.59;94.59;94.59;94.58
2;3;SRV-DTIC-PROD;2026-05-20 20:36:27;94.6;31.4;6.75;0.0;0.3142;11.8381;-0.9807;-0.1446;20:36:27;Tendencia de Queda (Estavel);94.6;94.59;94.59;94.59;94.58
2;3;SRV-DTIC-PROD;2026-05-20 20:36:27;94.6;31.4;6.75;0.0;0.3142;11.8381;-0.9807;-0.1446;20:36:27;Tendencia de Queda (Estavel);94.6;94.59;94.59;94.59;94.58
2;3;SRV-DTIC-PROD;2026-05-20 20:36:27;94.6;31.4;6.75;0.0;0.3142;11.8381;-0.9807;-0.1446;20:36:27;Tendencia de Queda (Estavel);94.6;94.59;94.59;94.59;94.58
2;3;SRV-DTIC-PROD;2026-05-20 20:36:43;94.1;31.3;74.75;0.0;0.3193;11.8152;-0.952;2.475;20:36:43;2.38 min;94.16;94.21;94.27;94.33;94.39
2;3;SRV-DTIC-PROD;2026-05-20 20:36:43;94.1;31.3;74.75;0.0;0.3193;11.8152;-0.952;2.475;20:36:43;2.38 min;94.16;94.21;94.27;94.33;94.39
2;3;SRV-DTIC-PROD;2026-05-20 20:36:43;94.1;31.3;74.75;0.0;0.3193;11.8152;-0.952;2.475;20:36:43;2.38 min;94.16;94.21;94.27;94.33;94.39
2;3;SRV-DTIC-PROD;2026-05-20 20:36:43;94.1;31.3;74.75;0.0;0.3193;11.8152;-0.952;2.475;20:36:43;2.38 min;94.16;94.21;94.27;94.33;94.39
2;3;SRV-DTIC-PROD;2026-05-20 20:36:43;94.1;31.3;74.75;0.0;0.3193;11.8152;-0.952;2.475;20:36:43;2.38 min;94.16;94.21;94.27;94.33;94.39
2;3;SRV-DTIC-PROD;2026-05-20 20:36:43;94.1;31.3;74.75;0.0;0.3193;11.8152;-0.952;2.475;20:36:43;2.38 min;94.16;94.21;94.27;94.33;94.39
2;3;SRV-DTIC-PROD;2026-05-20 20:36:43;94.1;31.3;74.75;0.0;0.3193;11.8152;-0.952;2.475;20:36:43;2.38 min;94.16;94.21;94.27;94.33;94.39
2;3;SRV-DTIC-PROD;2026-05-20 20:36:43;94.1;31.3;74.75;0.0;0.3193;11.8152;-0.952;2.475;20:36:43;2.38 min;94.16;94.21;94.27;94.33;94.39
2;3;SRV-DTIC-PROD;2026-05-20 20:36:43;94.1;31.3;74.75;0.0;0.3193;11.8152;-0.952;2.475;20:36:43;2.38 min;94.16;94.21;94.27;94.33;94.39
2;3;SRV-DTIC-PROD;2026-05-20 20:36:43;94.1;31.3;74.75;0.0;0.3193;11.8152;-0.952;2.475;20:36:43;2.38 min;94.16;94.21;94.27;94.33;94.39
2;3;SRV-DTIC-PROD;2026-05-20 20:36:58;94.1;31.3;9.75;0.0;0.2838;11.7814;1.0;-0.7924;20:36:58;Tendencia de Queda (Estavel);94.08;94.06;94.05;94.03;94.01
2;3;SRV-DTIC-PROD;2026-05-20 20:36:58;94.1;31.3;9.75;0.0;0.2838;11.7814;1.0;-0.7924;20:36:58;Tendencia de Queda (Estavel);94.08;94.06;94.05;94.03;94.01
2;3;SRV-DTIC-PROD;2026-05-20 20:36:58;94.1;31.3;9.75;0.0;0.2838;11.7814;1.0;-0.7924;20:36:58;Tendencia de Queda (Estavel);94.08;94.06;94.05;94.03;94.01
2;3;SRV-DTIC-PROD;2026-05-20 20:36:58;94.1;31.3;9.75;0.0;0.2838;11.7814;1.0;-0.7924;20:36:58;Tendencia de Queda (Estavel);94.08;94.06;94.05;94.03;94.01
2;3;SRV-DTIC-PROD;2026-05-20 20:36:58;94.1;31.3;9.75;0.0;0.2838;11.7814;1.0;-0.7924;20:36:58;Tendencia de Queda (Estavel);94.08;94.06;94.05;94.03;94.01
2;3;SRV-DTIC-PROD;2026-05-20 20:36:58;94.1;31.3;9.75;0.0;0.2838;11.7814;1.0;-0.7924;20:36:58;Tendencia de Queda (Estavel);94.08;94.06;94.05;94.03;94.01
2;3;SRV-DTIC-PROD;2026-05-20 20:36:58;94.1;31.3;9.75;0.0;0.2838;11.7814;1.0;-0.7924;20:36:58;Tendencia de Queda (Estavel);94.08;94.06;94.05;94.03;94.01
2;3;SRV-DTIC-PROD;2026-05-20 20:36:58;94.1;31.3;9.75;0.0;0.2838;11.7814;1.0;-0.7924;20:36:58;Tendencia de Queda (Estavel);94.08;94.06;94.05;94.03;94.01
2;3;SRV-DTIC-PROD;2026-05-20 20:36:58;94.1;31.3;9.75;0.0;0.2838;11.7814;1.0;-0.7924;20:36:58;Tendencia de Queda (Estavel);94.08;94.06;94.05;94.03;94.01
2;3;SRV-DTIC-PROD;2026-05-20 20:36:58;94.1;31.3;9.75;0.0;0.2838;11.7814;1.0;-0.7924;20:36:58;Tendencia de Queda (Estavel);94.08;94.06;94.05;94.03;94.01
2;3;SRV-DTIC-PROD;2026-05-20 20:37:14;94.6;31.3;4.25;0.0;0.3191;11.8921;0.0;1.1665;20:37:14;4.63 min;94.63;94.65;94.68;94.7;94.73
2;3;SRV-DTIC-PROD;2026-05-20 20:37:14;94.6;31.3;4.25;0.0;0.3191;11.8921;0.0;1.1665;20:37:14;4.63 min;94.63;94.65;94.68;94.7;94.73
2;3;SRV-DTIC-PROD;2026-05-20 20:37:14;94.6;31.3;4.25;0.0;0.3191;11.8921;0.0;1.1665;20:37:14;4.63 min;94.63;94.65;94.68;94.7;94.73
2;3;SRV-DTIC-PROD;2026-05-20 20:37:14;94.6;31.3;4.25;0.0;0.3191;11.8921;0.0;1.1665;20:37:14;4.63 min;94.63;94.65;94.68;94.7;94.73
2;3;SRV-DTIC-PROD;2026-05-20 20:37:14;94.6;31.3;4.25;0.0;0.3191;11.8921;0.0;1.1665;20:37:14;4.63 min;94.63;94.65;94.68;94.7;94.73
2;3;SRV-DTIC-PROD;2026-05-20 20:37:14;94.6;31.3;4.25;0.0;0.3191;11.8921;0.0;1.1665;20:37:14;4.63 min;94.63;94.65;94.68;94.7;94.73
2;3;SRV-DTIC-PROD;2026-05-20 20:37:14;94.6;31.3;4.25;0.0;0.3191;11.8921;0.0;1.1665;20:37:14;4.63 min;94.63;94.65;94.68;94.7;94.73
2;3;SRV-DTIC-PROD;2026-05-20 20:37:14;94.6;31.3;4.25;0.0;0.3191;11.8921;0.0;1.1665;20:37:14;4.63 min;94.63;94.65;94.68;94.7;94.73
2;3;SRV-DTIC-PROD;2026-05-20 20:37:14;94.6;31.3;4.25;0.0;0.3191;11.8921;0.0;1.1665;20:37:14;4.63 min;94.63;94.65;94.68;94.7;94.73
2;3;SRV-DTIC-PROD;2026-05-20 20:37:14;94.6;31.3;4.25;0.0;0.3191;11.8921;0.0;1.1665;20:37:14;4.63 min;94.63;94.65;94.68;94.7;94.73
2;3;SRV-DTIC-PROD;2026-05-20 20:37:31;94.8;31.3;3.5;0.0;0.3085;11.7911;0.0;1.1492;20:37:31;4.52 min;94.83;94.85;94.88;94.91;94.94
2;3;SRV-DTIC-PROD;2026-05-20 20:37:31;94.8;31.3;3.5;0.0;0.3085;11.7911;0.0;1.1492;20:37:31;4.52 min;94.83;94.85;94.88;94.91;94.94
2;3;SRV-DTIC-PROD;2026-05-20 20:37:31;94.8;31.3;3.5;0.0;0.3085;11.7911;0.0;1.1492;20:37:31;4.52 min;94.83;94.85;94.88;94.91;94.94
2;3;SRV-DTIC-PROD;2026-05-20 20:37:31;94.8;31.3;3.5;0.0;0.3085;11.7911;0.0;1.1492;20:37:31;4.52 min;94.83;94.85;94.88;94.91;94.94
2;3;SRV-DTIC-PROD;2026-05-20 20:37:31;94.8;31.3;3.5;0.0;0.3085;11.7911;0.0;1.1492;20:37:31;4.52 min;94.83;94.85;94.88;94.91;94.94
2;3;SRV-DTIC-PROD;2026-05-20 20:37:31;94.8;31.3;3.5;0.0;0.3085;11.7911;0.0;1.1492;20:37:31;4.52 min;94.83;94.85;94.88;94.91;94.94
2;3;SRV-DTIC-PROD;2026-05-20 20:37:31;94.8;31.3;3.5;0.0;0.3085;11.7911;0.0;1.1492;20:37:31;4.52 min;94.83;94.85;94.88;94.91;94.94
2;3;SRV-DTIC-PROD;2026-05-20 20:37:31;94.8;31.3;3.5;0.0;0.3085;11.7911;0.0;1.1492;20:37:31;4.52 min;94.83;94.85;94.88;94.91;94.94
2;3;SRV-DTIC-PROD;2026-05-20 20:37:31;94.8;31.3;3.5;0.0;0.3085;11.7911;0.0;1.1492;20:37:31;4.52 min;94.83;94.85;94.88;94.91;94.94
2;3;SRV-DTIC-PROD;2026-05-20 20:37:31;94.8;31.3;3.5;0.0;0.3085;11.7911;0.0;1.1492;20:37:31;4.52 min;94.83;94.85;94.88;94.91;94.94
2;3;SRV-DTIC-PROD;2026-05-20 20:37:48;95.0;28.4;20.25;0.0;0.3223;11.9927;-0.8783;0.7059;20:37:48;7.08 min;95.02;95.03;95.05;95.07;95.09
2;3;SRV-DTIC-PROD;2026-05-20 20:37:48;95.0;28.4;20.25;0.0;0.3223;11.9927;-0.8783;0.7059;20:37:48;7.08 min;95.02;95.03;95.05;95.07;95.09
2;3;SRV-DTIC-PROD;2026-05-20 20:37:48;95.0;28.4;20.25;0.0;0.3223;11.9927;-0.8783;0.7059;20:37:48;7.08 min;95.02;95.03;95.05;95.07;95.09
2;3;SRV-DTIC-PROD;2026-05-20 20:37:48;95.0;28.4;20.25;0.0;0.3223;11.9927;-0.8783;0.7059;20:37:48;7.08 min;95.02;95.03;95.05;95.07;95.09
2;3;SRV-DTIC-PROD;2026-05-20 20:37:48;95.0;28.4;20.25;0.0;0.3223;11.9927;-0.8783;0.7059;20:37:48;7.08 min;95.02;95.03;95.05;95.07;95.09
2;3;SRV-DTIC-PROD;2026-05-20 20:37:48;95.0;28.4;20.25;0.0;0.3223;11.9927;-0.8783;0.7059;20:37:48;7.08 min;95.02;95.03;95.05;95.07;95.09
2;3;SRV-DTIC-PROD;2026-05-20 20:37:48;95.0;28.4;20.25;0.0;0.3223;11.9927;-0.8783;0.7059;20:37:48;7.08 min;95.02;95.03;95.05;95.07;95.09
2;3;SRV-DTIC-PROD;2026-05-20 20:37:48;95.0;28.4;20.25;0.0;0.3223;11.9927;-0.8783;0.7059;20:37:48;7.08 min;95.02;95.03;95.05;95.07;95.09
2;3;SRV-DTIC-PROD;2026-05-20 20:37:48;95.0;28.4;20.25;0.0;0.3223;11.9927;-0.8783;0.7059;20:37:48;7.08 min;95.02;95.03;95.05;95.07;95.09
2;3;SRV-DTIC-PROD;2026-05-20 20:37:48;95.0;28.4;20.25;0.0;0.3223;11.9927;-0.8783;0.7059;20:37:48;7.08 min;95.02;95.03;95.05;95.07;95.09
2;3;SRV-DTIC-PROD;2026-05-20 20:38:05;95.1;28.4;3.75;0.0;0.3215;11.8323;-0.898;0.4941;20:38:05;9.92 min;95.11;95.12;95.14;95.15;95.16
2;3;SRV-DTIC-PROD;2026-05-20 20:38:05;95.1;28.4;3.75;0.0;0.3215;11.8323;-0.898;0.4941;20:38:05;9.92 min;95.11;95.12;95.14;95.15;95.16
2;3;SRV-DTIC-PROD;2026-05-20 20:38:05;95.1;28.4;3.75;0.0;0.3215;11.8323;-0.898;0.4941;20:38:05;9.92 min;95.11;95.12;95.14;95.15;95.16
2;3;SRV-DTIC-PROD;2026-05-20 20:38:05;95.1;28.4;3.75;0.0;0.3215;11.8323;-0.898;0.4941;20:38:05;9.92 min;95.11;95.12;95.14;95.15;95.16
2;3;SRV-DTIC-PROD;2026-05-20 20:38:05;95.1;28.4;3.75;0.0;0.3215;11.8323;-0.898;0.4941;20:38:05;9.92 min;95.11;95.12;95.14;95.15;95.16
2;3;SRV-DTIC-PROD;2026-05-20 20:38:05;95.1;28.4;3.75;0.0;0.3215;11.8323;-0.898;0.4941;20:38:05;9.92 min;95.11;95.12;95.14;95.15;95.16
2;3;SRV-DTIC-PROD;2026-05-20 20:38:05;95.1;28.4;3.75;0.0;0.3215;11.8323;-0.898;0.4941;20:38:05;9.92 min;95.11;95.12;95.14;95.15;95.16
2;3;SRV-DTIC-PROD;2026-05-20 20:38:05;95.1;28.4;3.75;0.0;0.3215;11.8323;-0.898;0.4941;20:38:05;9.92 min;95.11;95.12;95.14;95.15;95.16
2;3;SRV-DTIC-PROD;2026-05-20 20:38:05;95.1;28.4;3.75;0.0;0.3215;11.8323;-0.898;0.4941;20:38:05;9.92 min;95.11;95.12;95.14;95.15;95.16
2;3;SRV-DTIC-PROD;2026-05-20 20:38:05;95.1;28.4;3.75;0.0;0.3215;11.8323;-0.898;0.4941;20:38:05;9.92 min;95.11;95.12;95.14;95.15;95.16
2;3;SRV-DTIC-PROD;2026-05-20 20:38:22;94.8;28.4;4.0;0.0;0.3246;11.8939;0.0;-0.4941;20:38:22;Tendencia de Queda (Estavel);94.79;94.78;94.76;94.75;94.74
2;3;SRV-DTIC-PROD;2026-05-20 20:38:22;94.8;28.4;4.0;0.0;0.3246;11.8939;0.0;-0.4941;20:38:22;Tendencia de Queda (Estavel);94.79;94.78;94.76;94.75;94.74
2;3;SRV-DTIC-PROD;2026-05-20 20:38:22;94.8;28.4;4.0;0.0;0.3246;11.8939;0.0;-0.4941;20:38:22;Tendencia de Queda (Estavel);94.79;94.78;94.76;94.75;94.74
2;3;SRV-DTIC-PROD;2026-05-20 20:38:22;94.8;28.4;4.0;0.0;0.3246;11.8939;0.0;-0.4941;20:38:22;Tendencia de Queda (Estavel);94.79;94.78;94.76;94.75;94.74
2;3;SRV-DTIC-PROD;2026-05-20 20:38:22;94.8;28.4;4.0;0.0;0.3246;11.8939;0.0;-0.4941;20:38:22;Tendencia de Queda (Estavel);94.79;94.78;94.76;94.75;94.74
2;3;SRV-DTIC-PROD;2026-05-20 20:38:22;94.8;28.4;4.0;0.0;0.3246;11.8939;0.0;-0.4941;20:38:22;Tendencia de Queda (Estavel);94.79;94.78;94.76;94.75;94.74
2;3;SRV-DTIC-PROD;2026-05-20 20:38:22;94.8;28.4;4.0;0.0;0.3246;11.8939;0.0;-0.4941;20:38:22;Tendencia de Queda (Estavel);94.79;94.78;94.76;94.75;94.74
2;3;SRV-DTIC-PROD;2026-05-20 20:38:22;94.8;28.4;4.0;0.0;0.3246;11.8939;0.0;-0.4941;20:38:22;Tendencia de Queda (Estavel);94.79;94.78;94.76;94.75;94.74
2;3;SRV-DTIC-PROD;2026-05-20 20:38:22;94.8;28.4;4.0;0.0;0.3246;11.8939;0.0;-0.4941;20:38:22;Tendencia de Queda (Estavel);94.79;94.78;94.76;94.75;94.74
2;3;SRV-DTIC-PROD;2026-05-20 20:38:22;94.8;28.4;4.0;0.0;0.3246;11.8939;0.0;-0.4941;20:38:22;Tendencia de Queda (Estavel);94.79;94.78;94.76;94.75;94.74
2;3;SRV-DTIC-PROD;2026-05-20 20:38:39;94.7;28.4;13.75;0.0;0.3161;11.8747;0.0;-0.6353;20:38:39;Tendencia de Queda (Estavel);94.68;94.67;94.65;94.64;94.62
2;3;SRV-DTIC-PROD;2026-05-20 20:38:39;94.7;28.4;13.75;0.0;0.3161;11.8747;0.0;-0.6353;20:38:39;Tendencia de Queda (Estavel);94.68;94.67;94.65;94.64;94.62
2;3;SRV-DTIC-PROD;2026-05-20 20:38:39;94.7;28.4;13.75;0.0;0.3161;11.8747;0.0;-0.6353;20:38:39;Tendencia de Queda (Estavel);94.68;94.67;94.65;94.64;94.62
2;3;SRV-DTIC-PROD;2026-05-20 20:38:39;94.7;28.4;13.75;0.0;0.3161;11.8747;0.0;-0.6353;20:38:39;Tendencia de Queda (Estavel);94.68;94.67;94.65;94.64;94.62
2;3;SRV-DTIC-PROD;2026-05-20 20:38:39;94.7;28.4;13.75;0.0;0.3161;11.8747;0.0;-0.6353;20:38:39;Tendencia de Queda (Estavel);94.68;94.67;94.65;94.64;94.62
2;3;SRV-DTIC-PROD;2026-05-20 20:38:39;94.7;28.4;13.75;0.0;0.3161;11.8747;0.0;-0.6353;20:38:39;Tendencia de Queda (Estavel);94.68;94.67;94.65;94.64;94.62
2;3;SRV-DTIC-PROD;2026-05-20 20:38:39;94.7;28.4;13.75;0.0;0.3161;11.8747;0.0;-0.6353;20:38:39;Tendencia de Queda (Estavel);94.68;94.67;94.65;94.64;94.62
2;3;SRV-DTIC-PROD;2026-05-20 20:38:39;94.7;28.4;13.75;0.0;0.3161;11.8747;0.0;-0.6353;20:38:39;Tendencia de Queda (Estavel);94.68;94.67;94.65;94.64;94.62
2;3;SRV-DTIC-PROD;2026-05-20 20:38:39;94.7;28.4;13.75;0.0;0.3161;11.8747;0.0;-0.6353;20:38:39;Tendencia de Queda (Estavel);94.68;94.67;94.65;94.64;94.62
2;3;SRV-DTIC-PROD;2026-05-20 20:38:39;94.7;28.4;13.75;0.0;0.3161;11.8747;0.0;-0.6353;20:38:39;Tendencia de Queda (Estavel);94.68;94.67;94.65;94.64;94.62
2;3;SRV-DTIC-PROD;2026-05-20 20:38:56;95.0;28.4;11.25;0.0;0.3218;11.9016;0.0;0.4941;20:38:56;10.12 min;95.01;95.02;95.04;95.05;95.06
2;3;SRV-DTIC-PROD;2026-05-20 20:38:56;95.0;28.4;11.25;0.0;0.3218;11.9016;0.0;0.4941;20:38:56;10.12 min;95.01;95.02;95.04;95.05;95.06
2;3;SRV-DTIC-PROD;2026-05-20 20:38:56;95.0;28.4;11.25;0.0;0.3218;11.9016;0.0;0.4941;20:38:56;10.12 min;95.01;95.02;95.04;95.05;95.06
2;3;SRV-DTIC-PROD;2026-05-20 20:38:56;95.0;28.4;11.25;0.0;0.3218;11.9016;0.0;0.4941;20:38:56;10.12 min;95.01;95.02;95.04;95.05;95.06
2;3;SRV-DTIC-PROD;2026-05-20 20:38:56;95.0;28.4;11.25;0.0;0.3218;11.9016;0.0;0.4941;20:38:56;10.12 min;95.01;95.02;95.04;95.05;95.06
2;3;SRV-DTIC-PROD;2026-05-20 20:38:56;95.0;28.4;11.25;0.0;0.3218;11.9016;0.0;0.4941;20:38:56;10.12 min;95.01;95.02;95.04;95.05;95.06
2;3;SRV-DTIC-PROD;2026-05-20 20:38:56;95.0;28.4;11.25;0.0;0.3218;11.9016;0.0;0.4941;20:38:56;10.12 min;95.01;95.02;95.04;95.05;95.06
2;3;SRV-DTIC-PROD;2026-05-20 20:38:56;95.0;28.4;11.25;0.0;0.3218;11.9016;0.0;0.4941;20:38:56;10.12 min;95.01;95.02;95.04;95.05;95.06
2;3;SRV-DTIC-PROD;2026-05-20 20:38:56;95.0;28.4;11.25;0.0;0.3218;11.9016;0.0;0.4941;20:38:56;10.12 min;95.01;95.02;95.04;95.05;95.06
2;3;SRV-DTIC-PROD;2026-05-20 20:38:56;95.0;28.4;11.25;0.0;0.3218;11.9016;0.0;0.4941;20:38:56;10.12 min;95.01;95.02;95.04;95.05;95.06
2;3;SRV-DTIC-PROD;2026-05-20 20:39:12;95.2;28.4;15.75;0.0;0.3067;11.7924;0.0;0.8801;20:39:12;5.45 min;95.22;95.24;95.26;95.28;95.31
2;3;SRV-DTIC-PROD;2026-05-20 20:39:12;95.2;28.4;15.75;0.0;0.3067;11.7924;0.0;0.8801;20:39:12;5.45 min;95.22;95.24;95.26;95.28;95.31
2;3;SRV-DTIC-PROD;2026-05-20 20:39:12;95.2;28.4;15.75;0.0;0.3067;11.7924;0.0;0.8801;20:39:12;5.45 min;95.22;95.24;95.26;95.28;95.31
2;3;SRV-DTIC-PROD;2026-05-20 20:39:12;95.2;28.4;15.75;0.0;0.3067;11.7924;0.0;0.8801;20:39:12;5.45 min;95.22;95.24;95.26;95.28;95.31
2;3;SRV-DTIC-PROD;2026-05-20 20:39:12;95.2;28.4;15.75;0.0;0.3067;11.7924;0.0;0.8801;20:39:12;5.45 min;95.22;95.24;95.26;95.28;95.31
2;3;SRV-DTIC-PROD;2026-05-20 20:39:12;95.2;28.4;15.75;0.0;0.3067;11.7924;0.0;0.8801;20:39:12;5.45 min;95.22;95.24;95.26;95.28;95.31
2;3;SRV-DTIC-PROD;2026-05-20 20:39:12;95.2;28.4;15.75;0.0;0.3067;11.7924;0.0;0.8801;20:39:12;5.45 min;95.22;95.24;95.26;95.28;95.31
2;3;SRV-DTIC-PROD;2026-05-20 20:39:12;95.2;28.4;15.75;0.0;0.3067;11.7924;0.0;0.8801;20:39:12;5.45 min;95.22;95.24;95.26;95.28;95.31
2;3;SRV-DTIC-PROD;2026-05-20 20:39:12;95.2;28.4;15.75;0.0;0.3067;11.7924;0.0;0.8801;20:39:12;5.45 min;95.22;95.24;95.26;95.28;95.31
2;3;SRV-DTIC-PROD;2026-05-20 20:39:12;95.2;28.4;15.75;0.0;0.3067;11.7924;0.0;0.8801;20:39:12;5.45 min;95.22;95.24;95.26;95.28;95.31
2;3;SRV-DTIC-PROD;2026-05-20 20:39:28;95.2;28.4;8.25;0.0;0.304;11.8018;-0.0;0.3;20:39:28;16.0 min;95.21;95.21;95.22;95.23;95.23
2;3;SRV-DTIC-PROD;2026-05-20 20:39:28;95.2;28.4;8.25;0.0;0.304;11.8018;-0.0;0.3;20:39:28;16.0 min;95.21;95.21;95.22;95.23;95.23
2;3;SRV-DTIC-PROD;2026-05-20 20:39:28;95.2;28.4;8.25;0.0;0.304;11.8018;-0.0;0.3;20:39:28;16.0 min;95.21;95.21;95.22;95.23;95.23
2;3;SRV-DTIC-PROD;2026-05-20 20:39:28;95.2;28.4;8.25;0.0;0.304;11.8018;-0.0;0.3;20:39:28;16.0 min;95.21;95.21;95.22;95.23;95.23
2;3;SRV-DTIC-PROD;2026-05-20 20:39:28;95.2;28.4;8.25;0.0;0.304;11.8018;-0.0;0.3;20:39:28;16.0 min;95.21;95.21;95.22;95.23;95.23
2;3;SRV-DTIC-PROD;2026-05-20 20:39:28;95.2;28.4;8.25;0.0;0.304;11.8018;-0.0;0.3;20:39:28;16.0 min;95.21;95.21;95.22;95.23;95.23
2;3;SRV-DTIC-PROD;2026-05-20 20:39:28;95.2;28.4;8.25;0.0;0.304;11.8018;-0.0;0.3;20:39:28;16.0 min;95.21;95.21;95.22;95.23;95.23
2;3;SRV-DTIC-PROD;2026-05-20 20:39:28;95.2;28.4;8.25;0.0;0.304;11.8018;-0.0;0.3;20:39:28;16.0 min;95.21;95.21;95.22;95.23;95.23
2;3;SRV-DTIC-PROD;2026-05-20 20:39:28;95.2;28.4;8.25;0.0;0.304;11.8018;-0.0;0.3;20:39:28;16.0 min;95.21;95.21;95.22;95.23;95.23
2;3;SRV-DTIC-PROD;2026-05-20 20:39:28;95.2;28.4;8.25;0.0;0.304;11.8018;-0.0;0.3;20:39:28;16.0 min;95.21;95.21;95.22;95.23;95.23
2;3;SRV-DTIC-PROD;2026-05-20 20:39:45;95.4;28.4;15.75;0.0;0.3054;11.8645;-0.0;0.4382;20:39:45;10.5 min;95.41;95.42;95.43;95.44;95.45
2;3;SRV-DTIC-PROD;2026-05-20 20:39:45;95.4;28.4;15.75;0.0;0.3054;11.8645;-0.0;0.4382;20:39:45;10.5 min;95.41;95.42;95.43;95.44;95.45
2;3;SRV-DTIC-PROD;2026-05-20 20:39:45;95.4;28.4;15.75;0.0;0.3054;11.8645;-0.0;0.4382;20:39:45;10.5 min;95.41;95.42;95.43;95.44;95.45
2;3;SRV-DTIC-PROD;2026-05-20 20:39:45;95.4;28.4;15.75;0.0;0.3054;11.8645;-0.0;0.4382;20:39:45;10.5 min;95.41;95.42;95.43;95.44;95.45
2;3;SRV-DTIC-PROD;2026-05-20 20:39:45;95.4;28.4;15.75;0.0;0.3054;11.8645;-0.0;0.4382;20:39:45;10.5 min;95.41;95.42;95.43;95.44;95.45
2;3;SRV-DTIC-PROD;2026-05-20 20:39:45;95.4;28.4;15.75;0.0;0.3054;11.8645;-0.0;0.4382;20:39:45;10.5 min;95.41;95.42;95.43;95.44;95.45
2;3;SRV-DTIC-PROD;2026-05-20 20:39:45;95.4;28.4;15.75;0.0;0.3054;11.8645;-0.0;0.4382;20:39:45;10.5 min;95.41;95.42;95.43;95.44;95.45
2;3;SRV-DTIC-PROD;2026-05-20 20:39:45;95.4;28.4;15.75;0.0;0.3054;11.8645;-0.0;0.4382;20:39:45;10.5 min;95.41;95.42;95.43;95.44;95.45
2;3;SRV-DTIC-PROD;2026-05-20 20:39:45;95.4;28.4;15.75;0.0;0.3054;11.8645;-0.0;0.4382;20:39:45;10.5 min;95.41;95.42;95.43;95.44;95.45
2;3;SRV-DTIC-PROD;2026-05-20 20:39:45;95.4;28.4;15.75;0.0;0.3054;11.8645;-0.0;0.4382;20:39:45;10.5 min;95.41;95.42;95.43;95.44;95.45
2;3;SRV-DTIC-PROD;2026-05-20 20:40:00;95.5;28.7;5.0;0.0;0.3188;12.2576;0.7467;0.5359;20:40:00;8.4 min;95.51;95.52;95.54;95.55;95.56
2;3;SRV-DTIC-PROD;2026-05-20 20:40:00;95.5;28.7;5.0;0.0;0.3188;12.2576;0.7467;0.5359;20:40:00;8.4 min;95.51;95.52;95.54;95.55;95.56
2;3;SRV-DTIC-PROD;2026-05-20 20:40:00;95.5;28.7;5.0;0.0;0.3188;12.2576;0.7467;0.5359;20:40:00;8.4 min;95.51;95.52;95.54;95.55;95.56
2;3;SRV-DTIC-PROD;2026-05-20 20:40:00;95.5;28.7;5.0;0.0;0.3188;12.2576;0.7467;0.5359;20:40:00;8.4 min;95.51;95.52;95.54;95.55;95.56
2;3;SRV-DTIC-PROD;2026-05-20 20:40:00;95.5;28.7;5.0;0.0;0.3188;12.2576;0.7467;0.5359;20:40:00;8.4 min;95.51;95.52;95.54;95.55;95.56
2;3;SRV-DTIC-PROD;2026-05-20 20:40:00;95.5;28.7;5.0;0.0;0.3188;12.2576;0.7467;0.5359;20:40:00;8.4 min;95.51;95.52;95.54;95.55;95.56
2;3;SRV-DTIC-PROD;2026-05-20 20:40:00;95.5;28.7;5.0;0.0;0.3188;12.2576;0.7467;0.5359;20:40:00;8.4 min;95.51;95.52;95.54;95.55;95.56
2;3;SRV-DTIC-PROD;2026-05-20 20:40:00;95.5;28.7;5.0;0.0;0.3188;12.2576;0.7467;0.5359;20:40:00;8.4 min;95.51;95.52;95.54;95.55;95.56
2;3;SRV-DTIC-PROD;2026-05-20 20:40:00;95.5;28.7;5.0;0.0;0.3188;12.2576;0.7467;0.5359;20:40:00;8.4 min;95.51;95.52;95.54;95.55;95.56
2;3;SRV-DTIC-PROD;2026-05-20 20:40:00;95.5;28.7;5.0;0.0;0.3188;12.2576;0.7467;0.5359;20:40:00;8.4 min;95.51;95.52;95.54;95.55;95.56
2;3;SRV-DTIC-PROD;2026-05-20 20:40:17;94.9;28.7;3.75;0.0;0.3039;11.8575;-0.2626;-1.2173;20:40:17;Tendencia de Queda (Estavel);94.87;94.84;94.82;94.79;94.76
2;3;SRV-DTIC-PROD;2026-05-20 20:40:17;94.9;28.7;3.75;0.0;0.3039;11.8575;-0.2626;-1.2173;20:40:17;Tendencia de Queda (Estavel);94.87;94.84;94.82;94.79;94.76
2;3;SRV-DTIC-PROD;2026-05-20 20:40:17;94.9;28.7;3.75;0.0;0.3039;11.8575;-0.2626;-1.2173;20:40:17;Tendencia de Queda (Estavel);94.87;94.84;94.82;94.79;94.76
2;3;SRV-DTIC-PROD;2026-05-20 20:40:17;94.9;28.7;3.75;0.0;0.3039;11.8575;-0.2626;-1.2173;20:40:17;Tendencia de Queda (Estavel);94.87;94.84;94.82;94.79;94.76
2;3;SRV-DTIC-PROD;2026-05-20 20:40:17;94.9;28.7;3.75;0.0;0.3039;11.8575;-0.2626;-1.2173;20:40:17;Tendencia de Queda (Estavel);94.87;94.84;94.82;94.79;94.76
2;3;SRV-DTIC-PROD;2026-05-20 20:40:17;94.9;28.7;3.75;0.0;0.3039;11.8575;-0.2626;-1.2173;20:40:17;Tendencia de Queda (Estavel);94.87;94.84;94.82;94.79;94.76
2;3;SRV-DTIC-PROD;2026-05-20 20:40:17;94.9;28.7;3.75;0.0;0.3039;11.8575;-0.2626;-1.2173;20:40:17;Tendencia de Queda (Estavel);94.87;94.84;94.82;94.79;94.76
2;3;SRV-DTIC-PROD;2026-05-20 20:40:17;94.9;28.7;3.75;0.0;0.3039;11.8575;-0.2626;-1.2173;20:40:17;Tendencia de Queda (Estavel);94.87;94.84;94.82;94.79;94.76
2;3;SRV-DTIC-PROD;2026-05-20 20:40:17;94.9;28.7;3.75;0.0;0.3039;11.8575;-0.2626;-1.2173;20:40:17;Tendencia de Queda (Estavel);94.87;94.84;94.82;94.79;94.76
2;3;SRV-DTIC-PROD;2026-05-20 20:40:17;94.9;28.7;3.75;0.0;0.3039;11.8575;-0.2626;-1.2173;20:40:17;Tendencia de Queda (Estavel);94.87;94.84;94.82;94.79;94.76
2;3;SRV-DTIC-PROD;2026-05-20 20:40:32;94.8;28.7;7.0;0.0;0.3069;11.8844;0.0;-1.1629;20:40:32;Tendencia de Queda (Estavel);94.77;94.75;94.72;94.69;94.67
2;3;SRV-DTIC-PROD;2026-05-20 20:40:32;94.8;28.7;7.0;0.0;0.3069;11.8844;0.0;-1.1629;20:40:32;Tendencia de Queda (Estavel);94.77;94.75;94.72;94.69;94.67
2;3;SRV-DTIC-PROD;2026-05-20 20:40:32;94.8;28.7;7.0;0.0;0.3069;11.8844;0.0;-1.1629;20:40:32;Tendencia de Queda (Estavel);94.77;94.75;94.72;94.69;94.67
2;3;SRV-DTIC-PROD;2026-05-20 20:40:32;94.8;28.7;7.0;0.0;0.3069;11.8844;0.0;-1.1629;20:40:32;Tendencia de Queda (Estavel);94.77;94.75;94.72;94.69;94.67
2;3;SRV-DTIC-PROD;2026-05-20 20:40:32;94.8;28.7;7.0;0.0;0.3069;11.8844;0.0;-1.1629;20:40:32;Tendencia de Queda (Estavel);94.77;94.75;94.72;94.69;94.67
2;3;SRV-DTIC-PROD;2026-05-20 20:40:32;94.8;28.7;7.0;0.0;0.3069;11.8844;0.0;-1.1629;20:40:32;Tendencia de Queda (Estavel);94.77;94.75;94.72;94.69;94.67
2;3;SRV-DTIC-PROD;2026-05-20 20:40:32;94.8;28.7;7.0;0.0;0.3069;11.8844;0.0;-1.1629;20:40:32;Tendencia de Queda (Estavel);94.77;94.75;94.72;94.69;94.67
2;3;SRV-DTIC-PROD;2026-05-20 20:40:32;94.8;28.7;7.0;0.0;0.3069;11.8844;0.0;-1.1629;20:40:32;Tendencia de Queda (Estavel);94.77;94.75;94.72;94.69;94.67
2;3;SRV-DTIC-PROD;2026-05-20 20:40:32;94.8;28.7;7.0;0.0;0.3069;11.8844;0.0;-1.1629;20:40:32;Tendencia de Queda (Estavel);94.77;94.75;94.72;94.69;94.67
2;3;SRV-DTIC-PROD;2026-05-20 20:40:32;94.8;28.7;7.0;0.0;0.3069;11.8844;0.0;-1.1629;20:40:32;Tendencia de Queda (Estavel);94.77;94.75;94.72;94.69;94.67
2;3;SRV-DTIC-PROD;2026-05-20 20:40:49;94.8;28.6;3.25;0.0;0.3037;11.807;0.378;-0.143;20:40:49;Tendencia de Queda (Estavel);94.8;94.79;94.79;94.79;94.78
2;3;SRV-DTIC-PROD;2026-05-20 20:40:49;94.8;28.6;3.25;0.0;0.3037;11.807;0.378;-0.143;20:40:49;Tendencia de Queda (Estavel);94.8;94.79;94.79;94.79;94.78
2;3;SRV-DTIC-PROD;2026-05-20 20:40:49;94.8;28.6;3.25;0.0;0.3037;11.807;0.378;-0.143;20:40:49;Tendencia de Queda (Estavel);94.8;94.79;94.79;94.79;94.78
2;3;SRV-DTIC-PROD;2026-05-20 20:40:49;94.8;28.6;3.25;0.0;0.3037;11.807;0.378;-0.143;20:40:49;Tendencia de Queda (Estavel);94.8;94.79;94.79;94.79;94.78
2;3;SRV-DTIC-PROD;2026-05-20 20:40:49;94.8;28.6;3.25;0.0;0.3037;11.807;0.378;-0.143;20:40:49;Tendencia de Queda (Estavel);94.8;94.79;94.79;94.79;94.78
2;3;SRV-DTIC-PROD;2026-05-20 20:40:49;94.8;28.6;3.25;0.0;0.3037;11.807;0.378;-0.143;20:40:49;Tendencia de Queda (Estavel);94.8;94.79;94.79;94.79;94.78
2;3;SRV-DTIC-PROD;2026-05-20 20:40:49;94.8;28.6;3.25;0.0;0.3037;11.807;0.378;-0.143;20:40:49;Tendencia de Queda (Estavel);94.8;94.79;94.79;94.79;94.78
2;3;SRV-DTIC-PROD;2026-05-20 20:40:49;94.8;28.6;3.25;0.0;0.3037;11.807;0.378;-0.143;20:40:49;Tendencia de Queda (Estavel);94.8;94.79;94.79;94.79;94.78
2;3;SRV-DTIC-PROD;2026-05-20 20:40:49;94.8;28.6;3.25;0.0;0.3037;11.807;0.378;-0.143;20:40:49;Tendencia de Queda (Estavel);94.8;94.79;94.79;94.79;94.78
2;3;SRV-DTIC-PROD;2026-05-20 20:40:49;94.8;28.6;3.25;0.0;0.3037;11.807;0.378;-0.143;20:40:49;Tendencia de Queda (Estavel);94.8;94.79;94.79;94.79;94.78
2;3;SRV-DTIC-PROD;2026-05-20 20:41:05;95.2;28.6;7.5;0.0;0.3103;11.873;-0.378;0.8682;20:41:05;5.53 min;95.22;95.24;95.26;95.28;95.3
2;3;SRV-DTIC-PROD;2026-05-20 20:41:05;95.2;28.6;7.5;0.0;0.3103;11.873;-0.378;0.8682;20:41:05;5.53 min;95.22;95.24;95.26;95.28;95.3
2;3;SRV-DTIC-PROD;2026-05-20 20:41:05;95.2;28.6;7.5;0.0;0.3103;11.873;-0.378;0.8682;20:41:05;5.53 min;95.22;95.24;95.26;95.28;95.3
2;3;SRV-DTIC-PROD;2026-05-20 20:41:05;95.2;28.6;7.5;0.0;0.3103;11.873;-0.378;0.8682;20:41:05;5.53 min;95.22;95.24;95.26;95.28;95.3
2;3;SRV-DTIC-PROD;2026-05-20 20:41:05;95.2;28.6;7.5;0.0;0.3103;11.873;-0.378;0.8682;20:41:05;5.53 min;95.22;95.24;95.26;95.28;95.3
2;3;SRV-DTIC-PROD;2026-05-20 20:41:05;95.2;28.6;7.5;0.0;0.3103;11.873;-0.378;0.8682;20:41:05;5.53 min;95.22;95.24;95.26;95.28;95.3
2;3;SRV-DTIC-PROD;2026-05-20 20:41:05;95.2;28.6;7.5;0.0;0.3103;11.873;-0.378;0.8682;20:41:05;5.53 min;95.22;95.24;95.26;95.28;95.3
2;3;SRV-DTIC-PROD;2026-05-20 20:41:05;95.2;28.6;7.5;0.0;0.3103;11.873;-0.378;0.8682;20:41:05;5.53 min;95.22;95.24;95.26;95.28;95.3
2;3;SRV-DTIC-PROD;2026-05-20 20:41:05;95.2;28.6;7.5;0.0;0.3103;11.873;-0.378;0.8682;20:41:05;5.53 min;95.22;95.24;95.26;95.28;95.3
2;3;SRV-DTIC-PROD;2026-05-20 20:41:05;95.2;28.6;7.5;0.0;0.3103;11.873;-0.378;0.8682;20:41:05;5.53 min;95.22;95.24;95.26;95.28;95.3
2;3;SRV-DTIC-PROD;2026-05-20 20:41:22;95.2;28.6;3.0;0.0;0.3178;11.9291;-0.0;0.5688;20:41:22;8.44 min;95.21;95.23;95.24;95.25;95.27
2;3;SRV-DTIC-PROD;2026-05-20 20:41:22;95.2;28.6;3.0;0.0;0.3178;11.9291;-0.0;0.5688;20:41:22;8.44 min;95.21;95.23;95.24;95.25;95.27
2;3;SRV-DTIC-PROD;2026-05-20 20:41:22;95.2;28.6;3.0;0.0;0.3178;11.9291;-0.0;0.5688;20:41:22;8.44 min;95.21;95.23;95.24;95.25;95.27
2;3;SRV-DTIC-PROD;2026-05-20 20:41:22;95.2;28.6;3.0;0.0;0.3178;11.9291;-0.0;0.5688;20:41:22;8.44 min;95.21;95.23;95.24;95.25;95.27
2;3;SRV-DTIC-PROD;2026-05-20 20:41:22;95.2;28.6;3.0;0.0;0.3178;11.9291;-0.0;0.5688;20:41:22;8.44 min;95.21;95.23;95.24;95.25;95.27
2;3;SRV-DTIC-PROD;2026-05-20 20:41:22;95.2;28.6;3.0;0.0;0.3178;11.9291;-0.0;0.5688;20:41:22;8.44 min;95.21;95.23;95.24;95.25;95.27
2;3;SRV-DTIC-PROD;2026-05-20 20:41:22;95.2;28.6;3.0;0.0;0.3178;11.9291;-0.0;0.5688;20:41:22;8.44 min;95.21;95.23;95.24;95.25;95.27
2;3;SRV-DTIC-PROD;2026-05-20 20:41:22;95.2;28.6;3.0;0.0;0.3178;11.9291;-0.0;0.5688;20:41:22;8.44 min;95.21;95.23;95.24;95.25;95.27
2;3;SRV-DTIC-PROD;2026-05-20 20:41:22;95.2;28.6;3.0;0.0;0.3178;11.9291;-0.0;0.5688;20:41:22;8.44 min;95.21;95.23;95.24;95.25;95.27
2;3;SRV-DTIC-PROD;2026-05-20 20:41:22;95.2;28.6;3.0;0.0;0.3178;11.9291;-0.0;0.5688;20:41:22;8.44 min;95.21;95.23;95.24;95.25;95.27
2;3;SRV-DTIC-PROD;2026-05-20 20:41:39;95.2;28.6;6.5;0.0;0.3052;11.8808;0.0;-0.0;20:41:39;Estacionario / Sem Variacao;95.2;95.2;95.2;95.2;95.2
2;3;SRV-DTIC-PROD;2026-05-20 20:41:39;95.2;28.6;6.5;0.0;0.3052;11.8808;0.0;-0.0;20:41:39;Estacionario / Sem Variacao;95.2;95.2;95.2;95.2;95.2
2;3;SRV-DTIC-PROD;2026-05-20 20:41:39;95.2;28.6;6.5;0.0;0.3052;11.8808;0.0;-0.0;20:41:39;Estacionario / Sem Variacao;95.2;95.2;95.2;95.2;95.2
2;3;SRV-DTIC-PROD;2026-05-20 20:41:39;95.2;28.6;6.5;0.0;0.3052;11.8808;0.0;-0.0;20:41:39;Estacionario / Sem Variacao;95.2;95.2;95.2;95.2;95.2
2;3;SRV-DTIC-PROD;2026-05-20 20:41:39;95.2;28.6;6.5;0.0;0.3052;11.8808;0.0;-0.0;20:41:39;Estacionario / Sem Variacao;95.2;95.2;95.2;95.2;95.2
2;3;SRV-DTIC-PROD;2026-05-20 20:41:39;95.2;28.6;6.5;0.0;0.3052;11.8808;0.0;-0.0;20:41:39;Estacionario / Sem Variacao;95.2;95.2;95.2;95.2;95.2
2;3;SRV-DTIC-PROD;2026-05-20 20:41:39;95.2;28.6;6.5;0.0;0.3052;11.8808;0.0;-0.0;20:41:39;Estacionario / Sem Variacao;95.2;95.2;95.2;95.2;95.2
2;3;SRV-DTIC-PROD;2026-05-20 20:41:39;95.2;28.6;6.5;0.0;0.3052;11.8808;0.0;-0.0;20:41:39;Estacionario / Sem Variacao;95.2;95.2;95.2;95.2;95.2
2;3;SRV-DTIC-PROD;2026-05-20 20:41:39;95.2;28.6;6.5;0.0;0.3052;11.8808;0.0;-0.0;20:41:39;Estacionario / Sem Variacao;95.2;95.2;95.2;95.2;95.2
2;3;SRV-DTIC-PROD;2026-05-20 20:41:39;95.2;28.6;6.5;0.0;0.3052;11.8808;0.0;-0.0;20:41:39;Estacionario / Sem Variacao;95.2;95.2;95.2;95.2;95.2
2;3;SRV-DTIC-PROD;2026-05-20 20:41:56;95.2;28.6;2.75;0.0;0.3126;11.8157;0.0;-0.0;20:41:56;Estacionario / Sem Variacao;95.2;95.2;95.2;95.2;95.2
2;3;SRV-DTIC-PROD;2026-05-20 20:41:56;95.2;28.6;2.75;0.0;0.3126;11.8157;0.0;-0.0;20:41:56;Estacionario / Sem Variacao;95.2;95.2;95.2;95.2;95.2
2;3;SRV-DTIC-PROD;2026-05-20 20:41:56;95.2;28.6;2.75;0.0;0.3126;11.8157;0.0;-0.0;20:41:56;Estacionario / Sem Variacao;95.2;95.2;95.2;95.2;95.2
2;3;SRV-DTIC-PROD;2026-05-20 20:41:56;95.2;28.6;2.75;0.0;0.3126;11.8157;0.0;-0.0;20:41:56;Estacionario / Sem Variacao;95.2;95.2;95.2;95.2;95.2
2;3;SRV-DTIC-PROD;2026-05-20 20:41:56;95.2;28.6;2.75;0.0;0.3126;11.8157;0.0;-0.0;20:41:56;Estacionario / Sem Variacao;95.2;95.2;95.2;95.2;95.2
2;3;SRV-DTIC-PROD;2026-05-20 20:41:56;95.2;28.6;2.75;0.0;0.3126;11.8157;0.0;-0.0;20:41:56;Estacionario / Sem Variacao;95.2;95.2;95.2;95.2;95.2
2;3;SRV-DTIC-PROD;2026-05-20 20:41:56;95.2;28.6;2.75;0.0;0.3126;11.8157;0.0;-0.0;20:41:56;Estacionario / Sem Variacao;95.2;95.2;95.2;95.2;95.2
2;3;SRV-DTIC-PROD;2026-05-20 20:41:56;95.2;28.6;2.75;0.0;0.3126;11.8157;0.0;-0.0;20:41:56;Estacionario / Sem Variacao;95.2;95.2;95.2;95.2;95.2
2;3;SRV-DTIC-PROD;2026-05-20 20:41:56;95.2;28.6;2.75;0.0;0.3126;11.8157;0.0;-0.0;20:41:56;Estacionario / Sem Variacao;95.2;95.2;95.2;95.2;95.2
2;3;SRV-DTIC-PROD;2026-05-20 20:41:56;95.2;28.6;2.75;0.0;0.3126;11.8157;0.0;-0.0;20:41:56;Estacionario / Sem Variacao;95.2;95.2;95.2;95.2;95.2
2;3;SRV-DTIC-PROD;2026-05-20 20:42:13;95.2;28.6;34.25;0.0;0.316;12.044;0.0;-0.0;20:42:13;Estacionario / Sem Variacao;95.2;95.2;95.2;95.2;95.2
2;3;SRV-DTIC-PROD;2026-05-20 20:42:13;95.2;28.6;34.25;0.0;0.316;12.044;0.0;-0.0;20:42:13;Estacionario / Sem Variacao;95.2;95.2;95.2;95.2;95.2
2;3;SRV-DTIC-PROD;2026-05-20 20:42:13;95.2;28.6;34.25;0.0;0.316;12.044;0.0;-0.0;20:42:13;Estacionario / Sem Variacao;95.2;95.2;95.2;95.2;95.2
2;3;SRV-DTIC-PROD;2026-05-20 20:42:13;95.2;28.6;34.25;0.0;0.316;12.044;0.0;-0.0;20:42:13;Estacionario / Sem Variacao;95.2;95.2;95.2;95.2;95.2
2;3;SRV-DTIC-PROD;2026-05-20 20:42:13;95.2;28.6;34.25;0.0;0.316;12.044;0.0;-0.0;20:42:13;Estacionario / Sem Variacao;95.2;95.2;95.2;95.2;95.2
2;3;SRV-DTIC-PROD;2026-05-20 20:42:13;95.2;28.6;34.25;0.0;0.316;12.044;0.0;-0.0;20:42:13;Estacionario / Sem Variacao;95.2;95.2;95.2;95.2;95.2
2;3;SRV-DTIC-PROD;2026-05-20 20:42:13;95.2;28.6;34.25;0.0;0.316;12.044;0.0;-0.0;20:42:13;Estacionario / Sem Variacao;95.2;95.2;95.2;95.2;95.2
2;3;SRV-DTIC-PROD;2026-05-20 20:42:13;95.2;28.6;34.25;0.0;0.316;12.044;0.0;-0.0;20:42:13;Estacionario / Sem Variacao;95.2;95.2;95.2;95.2;95.2
2;3;SRV-DTIC-PROD;2026-05-20 20:42:13;95.2;28.6;34.25;0.0;0.316;12.044;0.0;-0.0;20:42:13;Estacionario / Sem Variacao;95.2;95.2;95.2;95.2;95.2
2;3;SRV-DTIC-PROD;2026-05-20 20:42:13;95.2;28.6;34.25;0.0;0.316;12.044;0.0;-0.0;20:42:13;Estacionario / Sem Variacao;95.2;95.2;95.2;95.2;95.2
2;3;SRV-DTIC-PROD;2026-05-20 20:42:30;95.4;28.6;72.5;0.0;0.3218;11.8047;0.0;0.4235;20:42:30;10.86 min;95.41;95.42;95.43;95.44;95.45
2;3;SRV-DTIC-PROD;2026-05-20 20:42:30;95.4;28.6;72.5;0.0;0.3218;11.8047;0.0;0.4235;20:42:30;10.86 min;95.41;95.42;95.43;95.44;95.45
2;3;SRV-DTIC-PROD;2026-05-20 20:42:30;95.4;28.6;72.5;0.0;0.3218;11.8047;0.0;0.4235;20:42:30;10.86 min;95.41;95.42;95.43;95.44;95.45
2;3;SRV-DTIC-PROD;2026-05-20 20:42:30;95.4;28.6;72.5;0.0;0.3218;11.8047;0.0;0.4235;20:42:30;10.86 min;95.41;95.42;95.43;95.44;95.45
2;3;SRV-DTIC-PROD;2026-05-20 20:42:30;95.4;28.6;72.5;0.0;0.3218;11.8047;0.0;0.4235;20:42:30;10.86 min;95.41;95.42;95.43;95.44;95.45
2;3;SRV-DTIC-PROD;2026-05-20 20:42:30;95.4;28.6;72.5;0.0;0.3218;11.8047;0.0;0.4235;20:42:30;10.86 min;95.41;95.42;95.43;95.44;95.45
2;3;SRV-DTIC-PROD;2026-05-20 20:42:30;95.4;28.6;72.5;0.0;0.3218;11.8047;0.0;0.4235;20:42:30;10.86 min;95.41;95.42;95.43;95.44;95.45
2;3;SRV-DTIC-PROD;2026-05-20 20:42:30;95.4;28.6;72.5;0.0;0.3218;11.8047;0.0;0.4235;20:42:30;10.86 min;95.41;95.42;95.43;95.44;95.45
2;3;SRV-DTIC-PROD;2026-05-20 20:42:30;95.4;28.6;72.5;0.0;0.3218;11.8047;0.0;0.4235;20:42:30;10.86 min;95.41;95.42;95.43;95.44;95.45
2;3;SRV-DTIC-PROD;2026-05-20 20:42:30;95.4;28.6;72.5;0.0;0.3218;11.8047;0.0;0.4235;20:42:30;10.86 min;95.41;95.42;95.43;95.44;95.45
2;3;SRV-DTIC-PROD;2026-05-20 20:42:47;95.4;28.6;4.25;0.0;0.309;11.8269;0.0;0.2824;20:42:47;16.29 min;95.41;95.41;95.42;95.43;95.43
2;3;SRV-DTIC-PROD;2026-05-20 20:42:47;95.4;28.6;4.25;0.0;0.309;11.8269;0.0;0.2824;20:42:47;16.29 min;95.41;95.41;95.42;95.43;95.43
2;3;SRV-DTIC-PROD;2026-05-20 20:42:47;95.4;28.6;4.25;0.0;0.309;11.8269;0.0;0.2824;20:42:47;16.29 min;95.41;95.41;95.42;95.43;95.43
2;3;SRV-DTIC-PROD;2026-05-20 20:42:47;95.4;28.6;4.25;0.0;0.309;11.8269;0.0;0.2824;20:42:47;16.29 min;95.41;95.41;95.42;95.43;95.43
2;3;SRV-DTIC-PROD;2026-05-20 20:42:47;95.4;28.6;4.25;0.0;0.309;11.8269;0.0;0.2824;20:42:47;16.29 min;95.41;95.41;95.42;95.43;95.43
2;3;SRV-DTIC-PROD;2026-05-20 20:42:47;95.4;28.6;4.25;0.0;0.309;11.8269;0.0;0.2824;20:42:47;16.29 min;95.41;95.41;95.42;95.43;95.43
2;3;SRV-DTIC-PROD;2026-05-20 20:42:47;95.4;28.6;4.25;0.0;0.309;11.8269;0.0;0.2824;20:42:47;16.29 min;95.41;95.41;95.42;95.43;95.43
2;3;SRV-DTIC-PROD;2026-05-20 20:42:47;95.4;28.6;4.25;0.0;0.309;11.8269;0.0;0.2824;20:42:47;16.29 min;95.41;95.41;95.42;95.43;95.43
2;3;SRV-DTIC-PROD;2026-05-20 20:42:47;95.4;28.6;4.25;0.0;0.309;11.8269;0.0;0.2824;20:42:47;16.29 min;95.41;95.41;95.42;95.43;95.43
2;3;SRV-DTIC-PROD;2026-05-20 20:42:47;95.4;28.6;4.25;0.0;0.309;11.8269;0.0;0.2824;20:42:47;16.29 min;95.41;95.41;95.42;95.43;95.43
2;3;SRV-DTIC-PROD;2026-05-20 20:43:03;95.3;28.6;36.25;0.0;0.3142;11.8274;0.0;-0.217;20:43:03;Tendencia de Queda (Estavel);95.29;95.29;95.28;95.28;95.27
2;3;SRV-DTIC-PROD;2026-05-20 20:43:03;95.3;28.6;36.25;0.0;0.3142;11.8274;0.0;-0.217;20:43:03;Tendencia de Queda (Estavel);95.29;95.29;95.28;95.28;95.27
2;3;SRV-DTIC-PROD;2026-05-20 20:43:03;95.3;28.6;36.25;0.0;0.3142;11.8274;0.0;-0.217;20:43:03;Tendencia de Queda (Estavel);95.29;95.29;95.28;95.28;95.27
2;3;SRV-DTIC-PROD;2026-05-20 20:43:03;95.3;28.6;36.25;0.0;0.3142;11.8274;0.0;-0.217;20:43:03;Tendencia de Queda (Estavel);95.29;95.29;95.28;95.28;95.27
2;3;SRV-DTIC-PROD;2026-05-20 20:43:03;95.3;28.6;36.25;0.0;0.3142;11.8274;0.0;-0.217;20:43:03;Tendencia de Queda (Estavel);95.29;95.29;95.28;95.28;95.27
2;3;SRV-DTIC-PROD;2026-05-20 20:43:03;95.3;28.6;36.25;0.0;0.3142;11.8274;0.0;-0.217;20:43:03;Tendencia de Queda (Estavel);95.29;95.29;95.28;95.28;95.27
2;3;SRV-DTIC-PROD;2026-05-20 20:43:03;95.3;28.6;36.25;0.0;0.3142;11.8274;0.0;-0.217;20:43:03;Tendencia de Queda (Estavel);95.29;95.29;95.28;95.28;95.27
2;3;SRV-DTIC-PROD;2026-05-20 20:43:03;95.3;28.6;36.25;0.0;0.3142;11.8274;0.0;-0.217;20:43:03;Tendencia de Queda (Estavel);95.29;95.29;95.28;95.28;95.27
2;3;SRV-DTIC-PROD;2026-05-20 20:43:03;95.3;28.6;36.25;0.0;0.3142;11.8274;0.0;-0.217;20:43:03;Tendencia de Queda (Estavel);95.29;95.29;95.28;95.28;95.27
2;3;SRV-DTIC-PROD;2026-05-20 20:43:03;95.3;28.6;36.25;0.0;0.3142;11.8274;0.0;-0.217;20:43:03;Tendencia de Queda (Estavel);95.29;95.29;95.28;95.28;95.27
2;3;SRV-DTIC-PROD;2026-05-20 20:43:20;94.6;29.5;5.5;0.0;0.3062;11.8364;-0.9954;-1.6759;20:43:20;Tendencia de Queda (Estavel);94.56;94.52;94.48;94.44;94.4
2;3;SRV-DTIC-PROD;2026-05-20 20:43:20;94.6;29.5;5.5;0.0;0.3062;11.8364;-0.9954;-1.6759;20:43:20;Tendencia de Queda (Estavel);94.56;94.52;94.48;94.44;94.4
2;3;SRV-DTIC-PROD;2026-05-20 20:43:20;94.6;29.5;5.5;0.0;0.3062;11.8364;-0.9954;-1.6759;20:43:20;Tendencia de Queda (Estavel);94.56;94.52;94.48;94.44;94.4
2;3;SRV-DTIC-PROD;2026-05-20 20:43:20;94.6;29.5;5.5;0.0;0.3062;11.8364;-0.9954;-1.6759;20:43:20;Tendencia de Queda (Estavel);94.56;94.52;94.48;94.44;94.4
2;3;SRV-DTIC-PROD;2026-05-20 20:43:20;94.6;29.5;5.5;0.0;0.3062;11.8364;-0.9954;-1.6759;20:43:20;Tendencia de Queda (Estavel);94.56;94.52;94.48;94.44;94.4
2;3;SRV-DTIC-PROD;2026-05-20 20:43:20;94.6;29.5;5.5;0.0;0.3062;11.8364;-0.9954;-1.6759;20:43:20;Tendencia de Queda (Estavel);94.56;94.52;94.48;94.44;94.4
2;3;SRV-DTIC-PROD;2026-05-20 20:43:20;94.6;29.5;5.5;0.0;0.3062;11.8364;-0.9954;-1.6759;20:43:20;Tendencia de Queda (Estavel);94.56;94.52;94.48;94.44;94.4
2;3;SRV-DTIC-PROD;2026-05-20 20:43:20;94.6;29.5;5.5;0.0;0.3062;11.8364;-0.9954;-1.6759;20:43:20;Tendencia de Queda (Estavel);94.56;94.52;94.48;94.44;94.4
2;3;SRV-DTIC-PROD;2026-05-20 20:43:20;94.6;29.5;5.5;0.0;0.3062;11.8364;-0.9954;-1.6759;20:43:20;Tendencia de Queda (Estavel);94.56;94.52;94.48;94.44;94.4
2;3;SRV-DTIC-PROD;2026-05-20 20:43:20;94.6;29.5;5.5;0.0;0.3062;11.8364;-0.9954;-1.6759;20:43:20;Tendencia de Queda (Estavel);94.56;94.52;94.48;94.44;94.4
2;3;SRV-DTIC-PROD;2026-05-20 20:43:36;94.6;29.5;4.25;0.0;0.3143;11.8298;-1.0;-1.0406;20:43:36;Tendencia de Queda (Estavel);94.58;94.55;94.53;94.5;94.48
2;3;SRV-DTIC-PROD;2026-05-20 20:43:36;94.6;29.5;4.25;0.0;0.3143;11.8298;-1.0;-1.0406;20:43:36;Tendencia de Queda (Estavel);94.58;94.55;94.53;94.5;94.48
2;3;SRV-DTIC-PROD;2026-05-20 20:43:36;94.6;29.5;4.25;0.0;0.3143;11.8298;-1.0;-1.0406;20:43:36;Tendencia de Queda (Estavel);94.58;94.55;94.53;94.5;94.48
2;3;SRV-DTIC-PROD;2026-05-20 20:43:36;94.6;29.5;4.25;0.0;0.3143;11.8298;-1.0;-1.0406;20:43:36;Tendencia de Queda (Estavel);94.58;94.55;94.53;94.5;94.48
2;3;SRV-DTIC-PROD;2026-05-20 20:43:36;94.6;29.5;4.25;0.0;0.3143;11.8298;-1.0;-1.0406;20:43:36;Tendencia de Queda (Estavel);94.58;94.55;94.53;94.5;94.48
2;3;SRV-DTIC-PROD;2026-05-20 20:43:36;94.6;29.5;4.25;0.0;0.3143;11.8298;-1.0;-1.0406;20:43:36;Tendencia de Queda (Estavel);94.58;94.55;94.53;94.5;94.48
2;3;SRV-DTIC-PROD;2026-05-20 20:43:36;94.6;29.5;4.25;0.0;0.3143;11.8298;-1.0;-1.0406;20:43:36;Tendencia de Queda (Estavel);94.58;94.55;94.53;94.5;94.48
2;3;SRV-DTIC-PROD;2026-05-20 20:43:36;94.6;29.5;4.25;0.0;0.3143;11.8298;-1.0;-1.0406;20:43:36;Tendencia de Queda (Estavel);94.58;94.55;94.53;94.5;94.48
2;3;SRV-DTIC-PROD;2026-05-20 20:43:36;94.6;29.5;4.25;0.0;0.3143;11.8298;-1.0;-1.0406;20:43:36;Tendencia de Queda (Estavel);94.58;94.55;94.53;94.5;94.48
2;3;SRV-DTIC-PROD;2026-05-20 20:43:36;94.6;29.5;4.25;0.0;0.3143;11.8298;-1.0;-1.0406;20:43:36;Tendencia de Queda (Estavel);94.58;94.55;94.53;94.5;94.48
2;3;SRV-DTIC-PROD;2026-05-20 20:43:53;94.9;29.5;3.0;0.0;0.3015;11.8008;0.0;0.6573;20:43:53;7.76 min;94.92;94.93;94.95;94.96;94.98
2;3;SRV-DTIC-PROD;2026-05-20 20:43:53;94.9;29.5;3.0;0.0;0.3015;11.8008;0.0;0.6573;20:43:53;7.76 min;94.92;94.93;94.95;94.96;94.98
2;3;SRV-DTIC-PROD;2026-05-20 20:43:53;94.9;29.5;3.0;0.0;0.3015;11.8008;0.0;0.6573;20:43:53;7.76 min;94.92;94.93;94.95;94.96;94.98
2;3;SRV-DTIC-PROD;2026-05-20 20:43:53;94.9;29.5;3.0;0.0;0.3015;11.8008;0.0;0.6573;20:43:53;7.76 min;94.92;94.93;94.95;94.96;94.98
2;3;SRV-DTIC-PROD;2026-05-20 20:43:53;94.9;29.5;3.0;0.0;0.3015;11.8008;0.0;0.6573;20:43:53;7.76 min;94.92;94.93;94.95;94.96;94.98
2;3;SRV-DTIC-PROD;2026-05-20 20:43:53;94.9;29.5;3.0;0.0;0.3015;11.8008;0.0;0.6573;20:43:53;7.76 min;94.92;94.93;94.95;94.96;94.98
2;3;SRV-DTIC-PROD;2026-05-20 20:43:53;94.9;29.5;3.0;0.0;0.3015;11.8008;0.0;0.6573;20:43:53;7.76 min;94.92;94.93;94.95;94.96;94.98
2;3;SRV-DTIC-PROD;2026-05-20 20:43:53;94.9;29.5;3.0;0.0;0.3015;11.8008;0.0;0.6573;20:43:53;7.76 min;94.92;94.93;94.95;94.96;94.98
2;3;SRV-DTIC-PROD;2026-05-20 20:43:53;94.9;29.5;3.0;0.0;0.3015;11.8008;0.0;0.6573;20:43:53;7.76 min;94.92;94.93;94.95;94.96;94.98
2;3;SRV-DTIC-PROD;2026-05-20 20:43:53;94.9;29.5;3.0;0.0;0.3015;11.8008;0.0;0.6573;20:43:53;7.76 min;94.92;94.93;94.95;94.96;94.98
2;3;SRV-DTIC-PROD;2026-05-20 20:44:09;95.0;29.5;9.25;0.0;0.3285;11.8539;0.0;0.663;20:44:09;7.54 min;95.02;95.03;95.05;95.06;95.08
2;3;SRV-DTIC-PROD;2026-05-20 20:44:09;95.0;29.5;9.25;0.0;0.3285;11.8539;0.0;0.663;20:44:09;7.54 min;95.02;95.03;95.05;95.06;95.08
2;3;SRV-DTIC-PROD;2026-05-20 20:44:09;95.0;29.5;9.25;0.0;0.3285;11.8539;0.0;0.663;20:44:09;7.54 min;95.02;95.03;95.05;95.06;95.08
2;3;SRV-DTIC-PROD;2026-05-20 20:44:09;95.0;29.5;9.25;0.0;0.3285;11.8539;0.0;0.663;20:44:09;7.54 min;95.02;95.03;95.05;95.06;95.08
2;3;SRV-DTIC-PROD;2026-05-20 20:44:09;95.0;29.5;9.25;0.0;0.3285;11.8539;0.0;0.663;20:44:09;7.54 min;95.02;95.03;95.05;95.06;95.08
2;3;SRV-DTIC-PROD;2026-05-20 20:44:09;95.0;29.5;9.25;0.0;0.3285;11.8539;0.0;0.663;20:44:09;7.54 min;95.02;95.03;95.05;95.06;95.08
2;3;SRV-DTIC-PROD;2026-05-20 20:44:09;95.0;29.5;9.25;0.0;0.3285;11.8539;0.0;0.663;20:44:09;7.54 min;95.02;95.03;95.05;95.06;95.08
2;3;SRV-DTIC-PROD;2026-05-20 20:44:09;95.0;29.5;9.25;0.0;0.3285;11.8539;0.0;0.663;20:44:09;7.54 min;95.02;95.03;95.05;95.06;95.08
2;3;SRV-DTIC-PROD;2026-05-20 20:44:09;95.0;29.5;9.25;0.0;0.3285;11.8539;0.0;0.663;20:44:09;7.54 min;95.02;95.03;95.05;95.06;95.08
2;3;SRV-DTIC-PROD;2026-05-20 20:44:09;95.0;29.5;9.25;0.0;0.3285;11.8539;0.0;0.663;20:44:09;7.54 min;95.02;95.03;95.05;95.06;95.08
2;3;SRV-DTIC-PROD;2026-05-20 20:44:24;95.5;29.5;11.5;0.0;0.3049;11.8527;0.0;1.3133;20:44:24;3.43 min;95.53;95.56;95.59;95.62;95.65
2;3;SRV-DTIC-PROD;2026-05-20 20:44:24;95.5;29.5;11.5;0.0;0.3049;11.8527;0.0;1.3133;20:44:24;3.43 min;95.53;95.56;95.59;95.62;95.65
2;3;SRV-DTIC-PROD;2026-05-20 20:44:24;95.5;29.5;11.5;0.0;0.3049;11.8527;0.0;1.3133;20:44:24;3.43 min;95.53;95.56;95.59;95.62;95.65
2;3;SRV-DTIC-PROD;2026-05-20 20:44:24;95.5;29.5;11.5;0.0;0.3049;11.8527;0.0;1.3133;20:44:24;3.43 min;95.53;95.56;95.59;95.62;95.65
2;3;SRV-DTIC-PROD;2026-05-20 20:44:24;95.5;29.5;11.5;0.0;0.3049;11.8527;0.0;1.3133;20:44:24;3.43 min;95.53;95.56;95.59;95.62;95.65
2;3;SRV-DTIC-PROD;2026-05-20 20:44:24;95.5;29.5;11.5;0.0;0.3049;11.8527;0.0;1.3133;20:44:24;3.43 min;95.53;95.56;95.59;95.62;95.65
2;3;SRV-DTIC-PROD;2026-05-20 20:44:24;95.5;29.5;11.5;0.0;0.3049;11.8527;0.0;1.3133;20:44:24;3.43 min;95.53;95.56;95.59;95.62;95.65
2;3;SRV-DTIC-PROD;2026-05-20 20:44:24;95.5;29.5;11.5;0.0;0.3049;11.8527;0.0;1.3133;20:44:24;3.43 min;95.53;95.56;95.59;95.62;95.65
2;3;SRV-DTIC-PROD;2026-05-20 20:44:24;95.5;29.5;11.5;0.0;0.3049;11.8527;0.0;1.3133;20:44:24;3.43 min;95.53;95.56;95.59;95.62;95.65
2;3;SRV-DTIC-PROD;2026-05-20 20:44:24;95.5;29.5;11.5;0.0;0.3049;11.8527;0.0;1.3133;20:44:24;3.43 min;95.53;95.56;95.59;95.62;95.65
2;3;SRV-DTIC-PROD;2026-05-20 20:44:41;94.3;29.4;2.25;0.0;0.298;11.7942;0.9493;-2.0056;20:44:41;Tendencia de Queda (Estavel);94.25;94.21;94.16;94.11;94.07
2;3;SRV-DTIC-PROD;2026-05-20 20:44:41;94.3;29.4;2.25;0.0;0.298;11.7942;0.9493;-2.0056;20:44:41;Tendencia de Queda (Estavel);94.25;94.21;94.16;94.11;94.07
2;3;SRV-DTIC-PROD;2026-05-20 20:44:41;94.3;29.4;2.25;0.0;0.298;11.7942;0.9493;-2.0056;20:44:41;Tendencia de Queda (Estavel);94.25;94.21;94.16;94.11;94.07
2;3;SRV-DTIC-PROD;2026-05-20 20:44:41;94.3;29.4;2.25;0.0;0.298;11.7942;0.9493;-2.0056;20:44:41;Tendencia de Queda (Estavel);94.25;94.21;94.16;94.11;94.07
2;3;SRV-DTIC-PROD;2026-05-20 20:44:41;94.3;29.4;2.25;0.0;0.298;11.7942;0.9493;-2.0056;20:44:41;Tendencia de Queda (Estavel);94.25;94.21;94.16;94.11;94.07
2;3;SRV-DTIC-PROD;2026-05-20 20:44:41;94.3;29.4;2.25;0.0;0.298;11.7942;0.9493;-2.0056;20:44:41;Tendencia de Queda (Estavel);94.25;94.21;94.16;94.11;94.07
2;3;SRV-DTIC-PROD;2026-05-20 20:44:41;94.3;29.4;2.25;0.0;0.298;11.7942;0.9493;-2.0056;20:44:41;Tendencia de Queda (Estavel);94.25;94.21;94.16;94.11;94.07
2;3;SRV-DTIC-PROD;2026-05-20 20:44:41;94.3;29.4;2.25;0.0;0.298;11.7942;0.9493;-2.0056;20:44:41;Tendencia de Queda (Estavel);94.25;94.21;94.16;94.11;94.07
2;3;SRV-DTIC-PROD;2026-05-20 20:44:41;94.3;29.4;2.25;0.0;0.298;11.7942;0.9493;-2.0056;20:44:41;Tendencia de Queda (Estavel);94.25;94.21;94.16;94.11;94.07
2;3;SRV-DTIC-PROD;2026-05-20 20:44:41;94.3;29.4;2.25;0.0;0.298;11.7942;0.9493;-2.0056;20:44:41;Tendencia de Queda (Estavel);94.25;94.21;94.16;94.11;94.07
2;3;SRV-DTIC-PROD;2026-05-20 20:44:57;94.5;29.4;5.5;0.0;0.3022;11.8662;0.9761;-1.3499;20:44:57;Tendencia de Queda (Estavel);94.47;94.44;94.4;94.37;94.34
2;3;SRV-DTIC-PROD;2026-05-20 20:44:57;94.5;29.4;5.5;0.0;0.3022;11.8662;0.9761;-1.3499;20:44:57;Tendencia de Queda (Estavel);94.47;94.44;94.4;94.37;94.34
2;3;SRV-DTIC-PROD;2026-05-20 20:44:57;94.5;29.4;5.5;0.0;0.3022;11.8662;0.9761;-1.3499;20:44:57;Tendencia de Queda (Estavel);94.47;94.44;94.4;94.37;94.34
2;3;SRV-DTIC-PROD;2026-05-20 20:44:57;94.5;29.4;5.5;0.0;0.3022;11.8662;0.9761;-1.3499;20:44:57;Tendencia de Queda (Estavel);94.47;94.44;94.4;94.37;94.34
2;3;SRV-DTIC-PROD;2026-05-20 20:44:57;94.5;29.4;5.5;0.0;0.3022;11.8662;0.9761;-1.3499;20:44:57;Tendencia de Queda (Estavel);94.47;94.44;94.4;94.37;94.34
2;3;SRV-DTIC-PROD;2026-05-20 20:44:57;94.5;29.4;5.5;0.0;0.3022;11.8662;0.9761;-1.3499;20:44:57;Tendencia de Queda (Estavel);94.47;94.44;94.4;94.37;94.34
2;3;SRV-DTIC-PROD;2026-05-20 20:44:57;94.5;29.4;5.5;0.0;0.3022;11.8662;0.9761;-1.3499;20:44:57;Tendencia de Queda (Estavel);94.47;94.44;94.4;94.37;94.34
2;3;SRV-DTIC-PROD;2026-05-20 20:44:57;94.5;29.4;5.5;0.0;0.3022;11.8662;0.9761;-1.3499;20:44:57;Tendencia de Queda (Estavel);94.47;94.44;94.4;94.37;94.34
2;3;SRV-DTIC-PROD;2026-05-20 20:44:57;94.5;29.4;5.5;0.0;0.3022;11.8662;0.9761;-1.3499;20:44:57;Tendencia de Queda (Estavel);94.47;94.44;94.4;94.37;94.34
2;3;SRV-DTIC-PROD;2026-05-20 20:44:57;94.5;29.4;5.5;0.0;0.3022;11.8662;0.9761;-1.3499;20:44:57;Tendencia de Queda (Estavel);94.47;94.44;94.4;94.37;94.34
2;3;SRV-DTIC-PROD;2026-05-20 20:45:13;94.9;29.4;5.75;0.0;0.3007;11.8135;-0.0;1.2;20:45:13;4.25 min;94.93;94.96;94.98;95.01;95.04
2;3;SRV-DTIC-PROD;2026-05-20 20:45:13;94.9;29.4;5.75;0.0;0.3007;11.8135;-0.0;1.2;20:45:13;4.25 min;94.93;94.96;94.98;95.01;95.04
2;3;SRV-DTIC-PROD;2026-05-20 20:45:13;94.9;29.4;5.75;0.0;0.3007;11.8135;-0.0;1.2;20:45:13;4.25 min;94.93;94.96;94.98;95.01;95.04
2;3;SRV-DTIC-PROD;2026-05-20 20:45:13;94.9;29.4;5.75;0.0;0.3007;11.8135;-0.0;1.2;20:45:13;4.25 min;94.93;94.96;94.98;95.01;95.04
2;3;SRV-DTIC-PROD;2026-05-20 20:45:13;94.9;29.4;5.75;0.0;0.3007;11.8135;-0.0;1.2;20:45:13;4.25 min;94.93;94.96;94.98;95.01;95.04
2;3;SRV-DTIC-PROD;2026-05-20 20:45:13;94.9;29.4;5.75;0.0;0.3007;11.8135;-0.0;1.2;20:45:13;4.25 min;94.93;94.96;94.98;95.01;95.04
2;3;SRV-DTIC-PROD;2026-05-20 20:45:13;94.9;29.4;5.75;0.0;0.3007;11.8135;-0.0;1.2;20:45:13;4.25 min;94.93;94.96;94.98;95.01;95.04
2;3;SRV-DTIC-PROD;2026-05-20 20:45:13;94.9;29.4;5.75;0.0;0.3007;11.8135;-0.0;1.2;20:45:13;4.25 min;94.93;94.96;94.98;95.01;95.04
2;3;SRV-DTIC-PROD;2026-05-20 20:45:13;94.9;29.4;5.75;0.0;0.3007;11.8135;-0.0;1.2;20:45:13;4.25 min;94.93;94.96;94.98;95.01;95.04
2;3;SRV-DTIC-PROD;2026-05-20 20:45:13;94.9;29.4;5.75;0.0;0.3007;11.8135;-0.0;1.2;20:45:13;4.25 min;94.93;94.96;94.98;95.01;95.04
2;3;SRV-DTIC-PROD;2026-05-20 20:45:30;95.3;29.4;6.5;0.0;0.3089;11.8313;0.0;1.4452;20:45:30;3.25 min;95.33;95.37;95.4;95.44;95.47
2;3;SRV-DTIC-PROD;2026-05-20 20:45:30;95.3;29.4;6.5;0.0;0.3089;11.8313;0.0;1.4452;20:45:30;3.25 min;95.33;95.37;95.4;95.44;95.47
2;3;SRV-DTIC-PROD;2026-05-20 20:45:30;95.3;29.4;6.5;0.0;0.3089;11.8313;0.0;1.4452;20:45:30;3.25 min;95.33;95.37;95.4;95.44;95.47
2;3;SRV-DTIC-PROD;2026-05-20 20:45:30;95.3;29.4;6.5;0.0;0.3089;11.8313;0.0;1.4452;20:45:30;3.25 min;95.33;95.37;95.4;95.44;95.47
2;3;SRV-DTIC-PROD;2026-05-20 20:45:30;95.3;29.4;6.5;0.0;0.3089;11.8313;0.0;1.4452;20:45:30;3.25 min;95.33;95.37;95.4;95.44;95.47
2;3;SRV-DTIC-PROD;2026-05-20 20:45:30;95.3;29.4;6.5;0.0;0.3089;11.8313;0.0;1.4452;20:45:30;3.25 min;95.33;95.37;95.4;95.44;95.47
2;3;SRV-DTIC-PROD;2026-05-20 20:45:30;95.3;29.4;6.5;0.0;0.3089;11.8313;0.0;1.4452;20:45:30;3.25 min;95.33;95.37;95.4;95.44;95.47
2;3;SRV-DTIC-PROD;2026-05-20 20:45:30;95.3;29.4;6.5;0.0;0.3089;11.8313;0.0;1.4452;20:45:30;3.25 min;95.33;95.37;95.4;95.44;95.47
2;3;SRV-DTIC-PROD;2026-05-20 20:45:30;95.3;29.4;6.5;0.0;0.3089;11.8313;0.0;1.4452;20:45:30;3.25 min;95.33;95.37;95.4;95.44;95.47
2;3;SRV-DTIC-PROD;2026-05-20 20:45:30;95.3;29.4;6.5;0.0;0.3089;11.8313;0.0;1.4452;20:45:30;3.25 min;95.33;95.37;95.4;95.44;95.47
2;3;SRV-DTIC-PROD;2026-05-20 20:45:47;95.2;29.4;10.75;0.0;0.3172;11.9123;0.0;0.3529;20:45:47;13.6 min;95.21;95.22;95.23;95.23;95.24
2;3;SRV-DTIC-PROD;2026-05-20 20:45:47;95.2;29.4;10.75;0.0;0.3172;11.9123;0.0;0.3529;20:45:47;13.6 min;95.21;95.22;95.23;95.23;95.24
2;3;SRV-DTIC-PROD;2026-05-20 20:45:47;95.2;29.4;10.75;0.0;0.3172;11.9123;0.0;0.3529;20:45:47;13.6 min;95.21;95.22;95.23;95.23;95.24
2;3;SRV-DTIC-PROD;2026-05-20 20:45:47;95.2;29.4;10.75;0.0;0.3172;11.9123;0.0;0.3529;20:45:47;13.6 min;95.21;95.22;95.23;95.23;95.24
2;3;SRV-DTIC-PROD;2026-05-20 20:45:47;95.2;29.4;10.75;0.0;0.3172;11.9123;0.0;0.3529;20:45:47;13.6 min;95.21;95.22;95.23;95.23;95.24
2;3;SRV-DTIC-PROD;2026-05-20 20:45:47;95.2;29.4;10.75;0.0;0.3172;11.9123;0.0;0.3529;20:45:47;13.6 min;95.21;95.22;95.23;95.23;95.24
2;3;SRV-DTIC-PROD;2026-05-20 20:45:47;95.2;29.4;10.75;0.0;0.3172;11.9123;0.0;0.3529;20:45:47;13.6 min;95.21;95.22;95.23;95.23;95.24
2;3;SRV-DTIC-PROD;2026-05-20 20:45:47;95.2;29.4;10.75;0.0;0.3172;11.9123;0.0;0.3529;20:45:47;13.6 min;95.21;95.22;95.23;95.23;95.24
2;3;SRV-DTIC-PROD;2026-05-20 20:45:47;95.2;29.4;10.75;0.0;0.3172;11.9123;0.0;0.3529;20:45:47;13.6 min;95.21;95.22;95.23;95.23;95.24
2;3;SRV-DTIC-PROD;2026-05-20 20:45:47;95.2;29.4;10.75;0.0;0.3172;11.9123;0.0;0.3529;20:45:47;13.6 min;95.21;95.22;95.23;95.23;95.24
2;3;SRV-DTIC-PROD;2026-05-20 20:46:03;95.3;29.4;2.25;0.0;0.3057;11.8799;0.0;0.0684;20:46:03;68.71 min;95.3;95.3;95.3;95.31;95.31
2;3;SRV-DTIC-PROD;2026-05-20 20:46:03;95.3;29.4;2.25;0.0;0.3057;11.8799;0.0;0.0684;20:46:03;68.71 min;95.3;95.3;95.3;95.31;95.31
2;3;SRV-DTIC-PROD;2026-05-20 20:46:03;95.3;29.4;2.25;0.0;0.3057;11.8799;0.0;0.0684;20:46:03;68.71 min;95.3;95.3;95.3;95.31;95.31
2;3;SRV-DTIC-PROD;2026-05-20 20:46:03;95.3;29.4;2.25;0.0;0.3057;11.8799;0.0;0.0684;20:46:03;68.71 min;95.3;95.3;95.3;95.31;95.31
2;3;SRV-DTIC-PROD;2026-05-20 20:46:03;95.3;29.4;2.25;0.0;0.3057;11.8799;0.0;0.0684;20:46:03;68.71 min;95.3;95.3;95.3;95.31;95.31
2;3;SRV-DTIC-PROD;2026-05-20 20:46:03;95.3;29.4;2.25;0.0;0.3057;11.8799;0.0;0.0684;20:46:03;68.71 min;95.3;95.3;95.3;95.31;95.31
2;3;SRV-DTIC-PROD;2026-05-20 20:46:03;95.3;29.4;2.25;0.0;0.3057;11.8799;0.0;0.0684;20:46:03;68.71 min;95.3;95.3;95.3;95.31;95.31
2;3;SRV-DTIC-PROD;2026-05-20 20:46:03;95.3;29.4;2.25;0.0;0.3057;11.8799;0.0;0.0684;20:46:03;68.71 min;95.3;95.3;95.3;95.31;95.31
2;3;SRV-DTIC-PROD;2026-05-20 20:46:03;95.3;29.4;2.25;0.0;0.3057;11.8799;0.0;0.0684;20:46:03;68.71 min;95.3;95.3;95.3;95.31;95.31
2;3;SRV-DTIC-PROD;2026-05-20 20:46:03;95.3;29.4;2.25;0.0;0.3057;11.8799;0.0;0.0684;20:46:03;68.71 min;95.3;95.3;95.3;95.31;95.31
2;3;SRV-DTIC-PROD;2026-05-20 20:46:21;95.2;29.4;34.25;0.0;0.3118;11.8418;-0.0;-0.0783;20:46:21;Tendencia de Queda (Estavel);95.2;95.2;95.19;95.19;95.19
2;3;SRV-DTIC-PROD;2026-05-20 20:46:21;95.2;29.4;34.25;0.0;0.3118;11.8418;-0.0;-0.0783;20:46:21;Tendencia de Queda (Estavel);95.2;95.2;95.19;95.19;95.19
2;3;SRV-DTIC-PROD;2026-05-20 20:46:21;95.2;29.4;34.25;0.0;0.3118;11.8418;-0.0;-0.0783;20:46:21;Tendencia de Queda (Estavel);95.2;95.2;95.19;95.19;95.19
2;3;SRV-DTIC-PROD;2026-05-20 20:46:21;95.2;29.4;34.25;0.0;0.3118;11.8418;-0.0;-0.0783;20:46:21;Tendencia de Queda (Estavel);95.2;95.2;95.19;95.19;95.19
2;3;SRV-DTIC-PROD;2026-05-20 20:46:21;95.2;29.4;34.25;0.0;0.3118;11.8418;-0.0;-0.0783;20:46:21;Tendencia de Queda (Estavel);95.2;95.2;95.19;95.19;95.19
2;3;SRV-DTIC-PROD;2026-05-20 20:46:21;95.2;29.4;34.25;0.0;0.3118;11.8418;-0.0;-0.0783;20:46:21;Tendencia de Queda (Estavel);95.2;95.2;95.19;95.19;95.19
2;3;SRV-DTIC-PROD;2026-05-20 20:46:21;95.2;29.4;34.25;0.0;0.3118;11.8418;-0.0;-0.0783;20:46:21;Tendencia de Queda (Estavel);95.2;95.2;95.19;95.19;95.19
2;3;SRV-DTIC-PROD;2026-05-20 20:46:21;95.2;29.4;34.25;0.0;0.3118;11.8418;-0.0;-0.0783;20:46:21;Tendencia de Queda (Estavel);95.2;95.2;95.19;95.19;95.19
2;3;SRV-DTIC-PROD;2026-05-20 20:46:21;95.2;29.4;34.25;0.0;0.3118;11.8418;-0.0;-0.0783;20:46:21;Tendencia de Queda (Estavel);95.2;95.2;95.19;95.19;95.19
2;3;SRV-DTIC-PROD;2026-05-20 20:46:21;95.2;29.4;34.25;0.0;0.3118;11.8418;-0.0;-0.0783;20:46:21;Tendencia de Queda (Estavel);95.2;95.2;95.19;95.19;95.19
2;3;SRV-DTIC-PROD;2026-05-20 20:46:38;95.4;29.4;7.75;0.0;0.3067;11.8437;0.0;0.2694;20:46:38;17.07 min;95.41;95.41;95.42;95.43;95.43
2;3;SRV-DTIC-PROD;2026-05-20 20:46:38;95.4;29.4;7.75;0.0;0.3067;11.8437;0.0;0.2694;20:46:38;17.07 min;95.41;95.41;95.42;95.43;95.43
2;3;SRV-DTIC-PROD;2026-05-20 20:46:38;95.4;29.4;7.75;0.0;0.3067;11.8437;0.0;0.2694;20:46:38;17.07 min;95.41;95.41;95.42;95.43;95.43
2;3;SRV-DTIC-PROD;2026-05-20 20:46:38;95.4;29.4;7.75;0.0;0.3067;11.8437;0.0;0.2694;20:46:38;17.07 min;95.41;95.41;95.42;95.43;95.43
2;3;SRV-DTIC-PROD;2026-05-20 20:46:38;95.4;29.4;7.75;0.0;0.3067;11.8437;0.0;0.2694;20:46:38;17.07 min;95.41;95.41;95.42;95.43;95.43
2;3;SRV-DTIC-PROD;2026-05-20 20:46:38;95.4;29.4;7.75;0.0;0.3067;11.8437;0.0;0.2694;20:46:38;17.07 min;95.41;95.41;95.42;95.43;95.43
2;3;SRV-DTIC-PROD;2026-05-20 20:46:38;95.4;29.4;7.75;0.0;0.3067;11.8437;0.0;0.2694;20:46:38;17.07 min;95.41;95.41;95.42;95.43;95.43
2;3;SRV-DTIC-PROD;2026-05-20 20:46:38;95.4;29.4;7.75;0.0;0.3067;11.8437;0.0;0.2694;20:46:38;17.07 min;95.41;95.41;95.42;95.43;95.43
2;3;SRV-DTIC-PROD;2026-05-20 20:46:38;95.4;29.4;7.75;0.0;0.3067;11.8437;0.0;0.2694;20:46:38;17.07 min;95.41;95.41;95.42;95.43;95.43
2;3;SRV-DTIC-PROD;2026-05-20 20:46:38;95.4;29.4;7.75;0.0;0.3067;11.8437;0.0;0.2694;20:46:38;17.07 min;95.41;95.41;95.42;95.43;95.43
2;3;SRV-DTIC-PROD;2026-05-20 20:46:54;95.3;29.4;28.5;0.0;0.3082;11.8296;-0.0;0.0803;20:46:54;58.53 min;95.3;95.3;95.31;95.31;95.31
2;3;SRV-DTIC-PROD;2026-05-20 20:46:54;95.3;29.4;28.5;0.0;0.3082;11.8296;-0.0;0.0803;20:46:54;58.53 min;95.3;95.3;95.31;95.31;95.31
2;3;SRV-DTIC-PROD;2026-05-20 20:46:54;95.3;29.4;28.5;0.0;0.3082;11.8296;-0.0;0.0803;20:46:54;58.53 min;95.3;95.3;95.31;95.31;95.31
2;3;SRV-DTIC-PROD;2026-05-20 20:46:54;95.3;29.4;28.5;0.0;0.3082;11.8296;-0.0;0.0803;20:46:54;58.53 min;95.3;95.3;95.31;95.31;95.31
2;3;SRV-DTIC-PROD;2026-05-20 20:46:54;95.3;29.4;28.5;0.0;0.3082;11.8296;-0.0;0.0803;20:46:54;58.53 min;95.3;95.3;95.31;95.31;95.31
2;3;SRV-DTIC-PROD;2026-05-20 20:46:54;95.3;29.4;28.5;0.0;0.3082;11.8296;-0.0;0.0803;20:46:54;58.53 min;95.3;95.3;95.31;95.31;95.31
2;3;SRV-DTIC-PROD;2026-05-20 20:46:54;95.3;29.4;28.5;0.0;0.3082;11.8296;-0.0;0.0803;20:46:54;58.53 min;95.3;95.3;95.31;95.31;95.31
2;3;SRV-DTIC-PROD;2026-05-20 20:46:54;95.3;29.4;28.5;0.0;0.3082;11.8296;-0.0;0.0803;20:46:54;58.53 min;95.3;95.3;95.31;95.31;95.31
2;3;SRV-DTIC-PROD;2026-05-20 20:46:54;95.3;29.4;28.5;0.0;0.3082;11.8296;-0.0;0.0803;20:46:54;58.53 min;95.3;95.3;95.31;95.31;95.31
2;3;SRV-DTIC-PROD;2026-05-20 20:46:54;95.3;29.4;28.5;0.0;0.3082;11.8296;-0.0;0.0803;20:46:54;58.53 min;95.3;95.3;95.31;95.31;95.31
2;3;SRV-DTIC-PROD;2026-05-20 20:47:11;95.3;29.4;53.0;0.0;0.3079;11.7992;0.0;-0.1422;20:47:11;Tendencia de Queda (Estavel);95.3;95.29;95.29;95.29;95.28
2;3;SRV-DTIC-PROD;2026-05-20 20:47:11;95.3;29.4;53.0;0.0;0.3079;11.7992;0.0;-0.1422;20:47:11;Tendencia de Queda (Estavel);95.3;95.29;95.29;95.29;95.28
2;3;SRV-DTIC-PROD;2026-05-20 20:47:11;95.3;29.4;53.0;0.0;0.3079;11.7992;0.0;-0.1422;20:47:11;Tendencia de Queda (Estavel);95.3;95.29;95.29;95.29;95.28
2;3;SRV-DTIC-PROD;2026-05-20 20:47:11;95.3;29.4;53.0;0.0;0.3079;11.7992;0.0;-0.1422;20:47:11;Tendencia de Queda (Estavel);95.3;95.29;95.29;95.29;95.28
2;3;SRV-DTIC-PROD;2026-05-20 20:47:11;95.3;29.4;53.0;0.0;0.3079;11.7992;0.0;-0.1422;20:47:11;Tendencia de Queda (Estavel);95.3;95.29;95.29;95.29;95.28
2;3;SRV-DTIC-PROD;2026-05-20 20:47:11;95.3;29.4;53.0;0.0;0.3079;11.7992;0.0;-0.1422;20:47:11;Tendencia de Queda (Estavel);95.3;95.29;95.29;95.29;95.28
2;3;SRV-DTIC-PROD;2026-05-20 20:47:11;95.3;29.4;53.0;0.0;0.3079;11.7992;0.0;-0.1422;20:47:11;Tendencia de Queda (Estavel);95.3;95.29;95.29;95.29;95.28
2;3;SRV-DTIC-PROD;2026-05-20 20:47:11;95.3;29.4;53.0;0.0;0.3079;11.7992;0.0;-0.1422;20:47:11;Tendencia de Queda (Estavel);95.3;95.29;95.29;95.29;95.28
2;3;SRV-DTIC-PROD;2026-05-20 20:47:11;95.3;29.4;53.0;0.0;0.3079;11.7992;0.0;-0.1422;20:47:11;Tendencia de Queda (Estavel);95.3;95.29;95.29;95.29;95.28
2;3;SRV-DTIC-PROD;2026-05-20 20:47:11;95.3;29.4;53.0;0.0;0.3079;11.7992;0.0;-0.1422;20:47:11;Tendencia de Queda (Estavel);95.3;95.29;95.29;95.29;95.28
2;3;SRV-DTIC-PROD;2026-05-20 20:47:28;95.3;29.4;5.5;0.0;0.311;11.8404;0.0;-0.0;20:47:28;Estacionario / Sem Variacao;95.3;95.3;95.3;95.3;95.3
2;3;SRV-DTIC-PROD;2026-05-20 20:47:28;95.3;29.4;5.5;0.0;0.311;11.8404;0.0;-0.0;20:47:28;Estacionario / Sem Variacao;95.3;95.3;95.3;95.3;95.3
2;3;SRV-DTIC-PROD;2026-05-20 20:47:28;95.3;29.4;5.5;0.0;0.311;11.8404;0.0;-0.0;20:47:28;Estacionario / Sem Variacao;95.3;95.3;95.3;95.3;95.3
2;3;SRV-DTIC-PROD;2026-05-20 20:47:28;95.3;29.4;5.5;0.0;0.311;11.8404;0.0;-0.0;20:47:28;Estacionario / Sem Variacao;95.3;95.3;95.3;95.3;95.3
2;3;SRV-DTIC-PROD;2026-05-20 20:47:28;95.3;29.4;5.5;0.0;0.311;11.8404;0.0;-0.0;20:47:28;Estacionario / Sem Variacao;95.3;95.3;95.3;95.3;95.3
2;3;SRV-DTIC-PROD;2026-05-20 20:47:28;95.3;29.4;5.5;0.0;0.311;11.8404;0.0;-0.0;20:47:28;Estacionario / Sem Variacao;95.3;95.3;95.3;95.3;95.3
2;3;SRV-DTIC-PROD;2026-05-20 20:47:28;95.3;29.4;5.5;0.0;0.311;11.8404;0.0;-0.0;20:47:28;Estacionario / Sem Variacao;95.3;95.3;95.3;95.3;95.3
2;3;SRV-DTIC-PROD;2026-05-20 20:47:28;95.3;29.4;5.5;0.0;0.311;11.8404;0.0;-0.0;20:47:28;Estacionario / Sem Variacao;95.3;95.3;95.3;95.3;95.3
2;3;SRV-DTIC-PROD;2026-05-20 20:47:28;95.3;29.4;5.5;0.0;0.311;11.8404;0.0;-0.0;20:47:28;Estacionario / Sem Variacao;95.3;95.3;95.3;95.3;95.3
2;3;SRV-DTIC-PROD;2026-05-20 20:47:28;95.3;29.4;5.5;0.0;0.311;11.8404;0.0;-0.0;20:47:28;Estacionario / Sem Variacao;95.3;95.3;95.3;95.3;95.3
2;3;SRV-DTIC-PROD;2026-05-20 20:47:44;92.9;29.4;17.5;0.0;0.3307;11.7975;0.0;-5.2091;20:47:44;Tendencia de Queda (Estavel);92.78;92.65;92.53;92.4;92.28
2;3;SRV-DTIC-PROD;2026-05-20 20:47:44;92.9;29.4;17.5;0.0;0.3307;11.7975;0.0;-5.2091;20:47:44;Tendencia de Queda (Estavel);92.78;92.65;92.53;92.4;92.28
2;3;SRV-DTIC-PROD;2026-05-20 20:47:44;92.9;29.4;17.5;0.0;0.3307;11.7975;0.0;-5.2091;20:47:44;Tendencia de Queda (Estavel);92.78;92.65;92.53;92.4;92.28
2;3;SRV-DTIC-PROD;2026-05-20 20:47:44;92.9;29.4;17.5;0.0;0.3307;11.7975;0.0;-5.2091;20:47:44;Tendencia de Queda (Estavel);92.78;92.65;92.53;92.4;92.28
2;3;SRV-DTIC-PROD;2026-05-20 20:47:44;92.9;29.4;17.5;0.0;0.3307;11.7975;0.0;-5.2091;20:47:44;Tendencia de Queda (Estavel);92.78;92.65;92.53;92.4;92.28
2;3;SRV-DTIC-PROD;2026-05-20 20:47:44;92.9;29.4;17.5;0.0;0.3307;11.7975;0.0;-5.2091;20:47:44;Tendencia de Queda (Estavel);92.78;92.65;92.53;92.4;92.28
2;3;SRV-DTIC-PROD;2026-05-20 20:47:44;92.9;29.4;17.5;0.0;0.3307;11.7975;0.0;-5.2091;20:47:44;Tendencia de Queda (Estavel);92.78;92.65;92.53;92.4;92.28
2;3;SRV-DTIC-PROD;2026-05-20 20:47:44;92.9;29.4;17.5;0.0;0.3307;11.7975;0.0;-5.2091;20:47:44;Tendencia de Queda (Estavel);92.78;92.65;92.53;92.4;92.28
2;3;SRV-DTIC-PROD;2026-05-20 20:47:44;92.9;29.4;17.5;0.0;0.3307;11.7975;0.0;-5.2091;20:47:44;Tendencia de Queda (Estavel);92.78;92.65;92.53;92.4;92.28
2;3;SRV-DTIC-PROD;2026-05-20 20:47:44;92.9;29.4;17.5;0.0;0.3307;11.7975;0.0;-5.2091;20:47:44;Tendencia de Queda (Estavel);92.78;92.65;92.53;92.4;92.28
2;3;SRV-DTIC-PROD;2026-05-20 20:48:00;92.5;29.4;2.5;0.0;0.2999;11.8165;0.0;-4.5;20:48:00;Tendencia de Queda (Estavel);92.4;92.29;92.19;92.08;91.98
2;3;SRV-DTIC-PROD;2026-05-20 20:48:00;92.5;29.4;2.5;0.0;0.2999;11.8165;0.0;-4.5;20:48:00;Tendencia de Queda (Estavel);92.4;92.29;92.19;92.08;91.98
2;3;SRV-DTIC-PROD;2026-05-20 20:48:00;92.5;29.4;2.5;0.0;0.2999;11.8165;0.0;-4.5;20:48:00;Tendencia de Queda (Estavel);92.4;92.29;92.19;92.08;91.98
2;3;SRV-DTIC-PROD;2026-05-20 20:48:00;92.5;29.4;2.5;0.0;0.2999;11.8165;0.0;-4.5;20:48:00;Tendencia de Queda (Estavel);92.4;92.29;92.19;92.08;91.98
2;3;SRV-DTIC-PROD;2026-05-20 20:48:00;92.5;29.4;2.5;0.0;0.2999;11.8165;0.0;-4.5;20:48:00;Tendencia de Queda (Estavel);92.4;92.29;92.19;92.08;91.98
2;3;SRV-DTIC-PROD;2026-05-20 20:48:00;92.5;29.4;2.5;0.0;0.2999;11.8165;0.0;-4.5;20:48:00;Tendencia de Queda (Estavel);92.4;92.29;92.19;92.08;91.98
2;3;SRV-DTIC-PROD;2026-05-20 20:48:00;92.5;29.4;2.5;0.0;0.2999;11.8165;0.0;-4.5;20:48:00;Tendencia de Queda (Estavel);92.4;92.29;92.19;92.08;91.98
2;3;SRV-DTIC-PROD;2026-05-20 20:48:00;92.5;29.4;2.5;0.0;0.2999;11.8165;0.0;-4.5;20:48:00;Tendencia de Queda (Estavel);92.4;92.29;92.19;92.08;91.98
2;3;SRV-DTIC-PROD;2026-05-20 20:48:00;92.5;29.4;2.5;0.0;0.2999;11.8165;0.0;-4.5;20:48:00;Tendencia de Queda (Estavel);92.4;92.29;92.19;92.08;91.98
2;3;SRV-DTIC-PROD;2026-05-20 20:48:00;92.5;29.4;2.5;0.0;0.2999;11.8165;0.0;-4.5;20:48:00;Tendencia de Queda (Estavel);92.4;92.29;92.19;92.08;91.98
2;3;SRV-DTIC-PROD;2026-05-20 20:48:17;92.5;29.4;12.5;0.0;0.2989;11.7654;0.0;-0.5688;20:48:17;Tendencia de Queda (Estavel);92.49;92.47;92.46;92.45;92.43
2;3;SRV-DTIC-PROD;2026-05-20 20:48:17;92.5;29.4;12.5;0.0;0.2989;11.7654;0.0;-0.5688;20:48:17;Tendencia de Queda (Estavel);92.49;92.47;92.46;92.45;92.43
2;3;SRV-DTIC-PROD;2026-05-20 20:48:17;92.5;29.4;12.5;0.0;0.2989;11.7654;0.0;-0.5688;20:48:17;Tendencia de Queda (Estavel);92.49;92.47;92.46;92.45;92.43
2;3;SRV-DTIC-PROD;2026-05-20 20:48:17;92.5;29.4;12.5;0.0;0.2989;11.7654;0.0;-0.5688;20:48:17;Tendencia de Queda (Estavel);92.49;92.47;92.46;92.45;92.43
2;3;SRV-DTIC-PROD;2026-05-20 20:48:17;92.5;29.4;12.5;0.0;0.2989;11.7654;0.0;-0.5688;20:48:17;Tendencia de Queda (Estavel);92.49;92.47;92.46;92.45;92.43
2;3;SRV-DTIC-PROD;2026-05-20 20:48:17;92.5;29.4;12.5;0.0;0.2989;11.7654;0.0;-0.5688;20:48:17;Tendencia de Queda (Estavel);92.49;92.47;92.46;92.45;92.43
2;3;SRV-DTIC-PROD;2026-05-20 20:48:17;92.5;29.4;12.5;0.0;0.2989;11.7654;0.0;-0.5688;20:48:17;Tendencia de Queda (Estavel);92.49;92.47;92.46;92.45;92.43
2;3;SRV-DTIC-PROD;2026-05-20 20:48:17;92.5;29.4;12.5;0.0;0.2989;11.7654;0.0;-0.5688;20:48:17;Tendencia de Queda (Estavel);92.49;92.47;92.46;92.45;92.43
2;3;SRV-DTIC-PROD;2026-05-20 20:48:17;92.5;29.4;12.5;0.0;0.2989;11.7654;0.0;-0.5688;20:48:17;Tendencia de Queda (Estavel);92.49;92.47;92.46;92.45;92.43
2;3;SRV-DTIC-PROD;2026-05-20 20:48:17;92.5;29.4;12.5;0.0;0.2989;11.7654;0.0;-0.5688;20:48:17;Tendencia de Queda (Estavel);92.49;92.47;92.46;92.45;92.43
2;3;SRV-DTIC-PROD;2026-05-20 20:48:32;92.5;29.4;4.0;0.0;0.31;11.9687;0.0;0.0;20:48:32;Estacionario / Sem Variacao;92.5;92.5;92.5;92.5;92.5
2;3;SRV-DTIC-PROD;2026-05-20 20:48:32;92.5;29.4;4.0;0.0;0.31;11.9687;0.0;0.0;20:48:32;Estacionario / Sem Variacao;92.5;92.5;92.5;92.5;92.5
2;3;SRV-DTIC-PROD;2026-05-20 20:48:32;92.5;29.4;4.0;0.0;0.31;11.9687;0.0;0.0;20:48:32;Estacionario / Sem Variacao;92.5;92.5;92.5;92.5;92.5
2;3;SRV-DTIC-PROD;2026-05-20 20:48:32;92.5;29.4;4.0;0.0;0.31;11.9687;0.0;0.0;20:48:32;Estacionario / Sem Variacao;92.5;92.5;92.5;92.5;92.5
2;3;SRV-DTIC-PROD;2026-05-20 20:48:32;92.5;29.4;4.0;0.0;0.31;11.9687;0.0;0.0;20:48:32;Estacionario / Sem Variacao;92.5;92.5;92.5;92.5;92.5
2;3;SRV-DTIC-PROD;2026-05-20 20:48:32;92.5;29.4;4.0;0.0;0.31;11.9687;0.0;0.0;20:48:32;Estacionario / Sem Variacao;92.5;92.5;92.5;92.5;92.5
2;3;SRV-DTIC-PROD;2026-05-20 20:48:32;92.5;29.4;4.0;0.0;0.31;11.9687;0.0;0.0;20:48:32;Estacionario / Sem Variacao;92.5;92.5;92.5;92.5;92.5
2;3;SRV-DTIC-PROD;2026-05-20 20:48:32;92.5;29.4;4.0;0.0;0.31;11.9687;0.0;0.0;20:48:32;Estacionario / Sem Variacao;92.5;92.5;92.5;92.5;92.5
2;3;SRV-DTIC-PROD;2026-05-20 20:48:32;92.5;29.4;4.0;0.0;0.31;11.9687;0.0;0.0;20:48:32;Estacionario / Sem Variacao;92.5;92.5;92.5;92.5;92.5
2;3;SRV-DTIC-PROD;2026-05-20 20:48:32;92.5;29.4;4.0;0.0;0.31;11.9687;0.0;0.0;20:48:32;Estacionario / Sem Variacao;92.5;92.5;92.5;92.5;92.5
2;3;SRV-DTIC-PROD;2026-05-20 20:48:50;95.4;29.4;10.25;0.0;0.3759;11.8934;0.0;6.3898;20:48:50;0.72 min;95.55;95.71;95.86;96.01;96.16
2;3;SRV-DTIC-PROD;2026-05-20 20:48:50;95.4;29.4;10.25;0.0;0.3759;11.8934;0.0;6.3898;20:48:50;0.72 min;95.55;95.71;95.86;96.01;96.16
2;3;SRV-DTIC-PROD;2026-05-20 20:48:50;95.4;29.4;10.25;0.0;0.3759;11.8934;0.0;6.3898;20:48:50;0.72 min;95.55;95.71;95.86;96.01;96.16
2;3;SRV-DTIC-PROD;2026-05-20 20:48:50;95.4;29.4;10.25;0.0;0.3759;11.8934;0.0;6.3898;20:48:50;0.72 min;95.55;95.71;95.86;96.01;96.16
2;3;SRV-DTIC-PROD;2026-05-20 20:48:50;95.4;29.4;10.25;0.0;0.3759;11.8934;0.0;6.3898;20:48:50;0.72 min;95.55;95.71;95.86;96.01;96.16
2;3;SRV-DTIC-PROD;2026-05-20 20:48:50;95.4;29.4;10.25;0.0;0.3759;11.8934;0.0;6.3898;20:48:50;0.72 min;95.55;95.71;95.86;96.01;96.16
2;3;SRV-DTIC-PROD;2026-05-20 20:48:50;95.4;29.4;10.25;0.0;0.3759;11.8934;0.0;6.3898;20:48:50;0.72 min;95.55;95.71;95.86;96.01;96.16
2;3;SRV-DTIC-PROD;2026-05-20 20:48:50;95.4;29.4;10.25;0.0;0.3759;11.8934;0.0;6.3898;20:48:50;0.72 min;95.55;95.71;95.86;96.01;96.16
2;3;SRV-DTIC-PROD;2026-05-20 20:48:50;95.4;29.4;10.25;0.0;0.3759;11.8934;0.0;6.3898;20:48:50;0.72 min;95.55;95.71;95.86;96.01;96.16
2;3;SRV-DTIC-PROD;2026-05-20 20:48:50;95.4;29.4;10.25;0.0;0.3759;11.8934;0.0;6.3898;20:48:50;0.72 min;95.55;95.71;95.86;96.01;96.16
2;3;SRV-DTIC-PROD;2026-05-20 20:49:06;96.5;29.3;4.75;0.0;0.3039;11.8437;-0.6888;6.5717;20:49:06;0.53 min;96.66;96.82;96.99;97.15;97.31
2;3;SRV-DTIC-PROD;2026-05-20 20:49:06;96.5;29.3;4.75;0.0;0.3039;11.8437;-0.6888;6.5717;20:49:06;0.53 min;96.66;96.82;96.99;97.15;97.31
2;3;SRV-DTIC-PROD;2026-05-20 20:49:06;96.5;29.3;4.75;0.0;0.3039;11.8437;-0.6888;6.5717;20:49:06;0.53 min;96.66;96.82;96.99;97.15;97.31
2;3;SRV-DTIC-PROD;2026-05-20 20:49:06;96.5;29.3;4.75;0.0;0.3039;11.8437;-0.6888;6.5717;20:49:06;0.53 min;96.66;96.82;96.99;97.15;97.31
2;3;SRV-DTIC-PROD;2026-05-20 20:49:06;96.5;29.3;4.75;0.0;0.3039;11.8437;-0.6888;6.5717;20:49:06;0.53 min;96.66;96.82;96.99;97.15;97.31
2;3;SRV-DTIC-PROD;2026-05-20 20:49:06;96.5;29.3;4.75;0.0;0.3039;11.8437;-0.6888;6.5717;20:49:06;0.53 min;96.66;96.82;96.99;97.15;97.31
2;3;SRV-DTIC-PROD;2026-05-20 20:49:06;96.5;29.3;4.75;0.0;0.3039;11.8437;-0.6888;6.5717;20:49:06;0.53 min;96.66;96.82;96.99;97.15;97.31
2;3;SRV-DTIC-PROD;2026-05-20 20:49:06;96.5;29.3;4.75;0.0;0.3039;11.8437;-0.6888;6.5717;20:49:06;0.53 min;96.66;96.82;96.99;97.15;97.31
2;3;SRV-DTIC-PROD;2026-05-20 20:49:06;96.5;29.3;4.75;0.0;0.3039;11.8437;-0.6888;6.5717;20:49:06;0.53 min;96.66;96.82;96.99;97.15;97.31
2;3;SRV-DTIC-PROD;2026-05-20 20:49:06;96.5;29.3;4.75;0.0;0.3039;11.8437;-0.6888;6.5717;20:49:06;0.53 min;96.66;96.82;96.99;97.15;97.31
2;3;SRV-DTIC-PROD;2026-05-20 20:49:22;96.0;29.3;9.25;0.0;0.3081;11.9386;-0.8114;0.525;20:49:22;7.62 min;96.01;96.02;96.04;96.05;96.06
2;3;SRV-DTIC-PROD;2026-05-20 20:49:22;96.0;29.3;9.25;0.0;0.3081;11.9386;-0.8114;0.525;20:49:22;7.62 min;96.01;96.02;96.04;96.05;96.06
2;3;SRV-DTIC-PROD;2026-05-20 20:49:22;96.0;29.3;9.25;0.0;0.3081;11.9386;-0.8114;0.525;20:49:22;7.62 min;96.01;96.02;96.04;96.05;96.06
2;3;SRV-DTIC-PROD;2026-05-20 20:49:22;96.0;29.3;9.25;0.0;0.3081;11.9386;-0.8114;0.525;20:49:22;7.62 min;96.01;96.02;96.04;96.05;96.06
2;3;SRV-DTIC-PROD;2026-05-20 20:49:22;96.0;29.3;9.25;0.0;0.3081;11.9386;-0.8114;0.525;20:49:22;7.62 min;96.01;96.02;96.04;96.05;96.06
2;3;SRV-DTIC-PROD;2026-05-20 20:49:22;96.0;29.3;9.25;0.0;0.3081;11.9386;-0.8114;0.525;20:49:22;7.62 min;96.01;96.02;96.04;96.05;96.06
2;3;SRV-DTIC-PROD;2026-05-20 20:49:22;96.0;29.3;9.25;0.0;0.3081;11.9386;-0.8114;0.525;20:49:22;7.62 min;96.01;96.02;96.04;96.05;96.06
2;3;SRV-DTIC-PROD;2026-05-20 20:49:22;96.0;29.3;9.25;0.0;0.3081;11.9386;-0.8114;0.525;20:49:22;7.62 min;96.01;96.02;96.04;96.05;96.06
2;3;SRV-DTIC-PROD;2026-05-20 20:49:22;96.0;29.3;9.25;0.0;0.3081;11.9386;-0.8114;0.525;20:49:22;7.62 min;96.01;96.02;96.04;96.05;96.06
2;3;SRV-DTIC-PROD;2026-05-20 20:49:22;96.0;29.3;9.25;0.0;0.3081;11.9386;-0.8114;0.525;20:49:22;7.62 min;96.01;96.02;96.04;96.05;96.06
2;3;SRV-DTIC-PROD;2026-05-20 20:49:39;96.0;29.3;9.0;0.0;0.3208;11.9174;0.0;-0.711;20:49:39;Tendencia de Queda (Estavel);95.98;95.97;95.95;95.93;95.91
2;3;SRV-DTIC-PROD;2026-05-20 20:49:39;96.0;29.3;9.0;0.0;0.3208;11.9174;0.0;-0.711;20:49:39;Tendencia de Queda (Estavel);95.98;95.97;95.95;95.93;95.91
2;3;SRV-DTIC-PROD;2026-05-20 20:49:39;96.0;29.3;9.0;0.0;0.3208;11.9174;0.0;-0.711;20:49:39;Tendencia de Queda (Estavel);95.98;95.97;95.95;95.93;95.91
2;3;SRV-DTIC-PROD;2026-05-20 20:49:39;96.0;29.3;9.0;0.0;0.3208;11.9174;0.0;-0.711;20:49:39;Tendencia de Queda (Estavel);95.98;95.97;95.95;95.93;95.91
2;3;SRV-DTIC-PROD;2026-05-20 20:49:39;96.0;29.3;9.0;0.0;0.3208;11.9174;0.0;-0.711;20:49:39;Tendencia de Queda (Estavel);95.98;95.97;95.95;95.93;95.91
2;3;SRV-DTIC-PROD;2026-05-20 20:49:39;96.0;29.3;9.0;0.0;0.3208;11.9174;0.0;-0.711;20:49:39;Tendencia de Queda (Estavel);95.98;95.97;95.95;95.93;95.91
2;3;SRV-DTIC-PROD;2026-05-20 20:49:39;96.0;29.3;9.0;0.0;0.3208;11.9174;0.0;-0.711;20:49:39;Tendencia de Queda (Estavel);95.98;95.97;95.95;95.93;95.91
2;3;SRV-DTIC-PROD;2026-05-20 20:49:39;96.0;29.3;9.0;0.0;0.3208;11.9174;0.0;-0.711;20:49:39;Tendencia de Queda (Estavel);95.98;95.97;95.95;95.93;95.91
2;3;SRV-DTIC-PROD;2026-05-20 20:49:39;96.0;29.3;9.0;0.0;0.3208;11.9174;0.0;-0.711;20:49:39;Tendencia de Queda (Estavel);95.98;95.97;95.95;95.93;95.91
2;3;SRV-DTIC-PROD;2026-05-20 20:49:39;96.0;29.3;9.0;0.0;0.3208;11.9174;0.0;-0.711;20:49:39;Tendencia de Queda (Estavel);95.98;95.97;95.95;95.93;95.91
2;3;SRV-DTIC-PROD;2026-05-20 20:49:57;96.0;29.3;23.5;0.0;0.4508;11.876;0.0;-0.0;20:49:57;Estacionario / Sem Variacao;96.0;96.0;96.0;96.0;96.0
2;3;SRV-DTIC-PROD;2026-05-20 20:49:57;96.0;29.3;23.5;0.0;0.4508;11.876;0.0;-0.0;20:49:57;Estacionario / Sem Variacao;96.0;96.0;96.0;96.0;96.0
2;3;SRV-DTIC-PROD;2026-05-20 20:49:57;96.0;29.3;23.5;0.0;0.4508;11.876;0.0;-0.0;20:49:57;Estacionario / Sem Variacao;96.0;96.0;96.0;96.0;96.0
2;3;SRV-DTIC-PROD;2026-05-20 20:49:57;96.0;29.3;23.5;0.0;0.4508;11.876;0.0;-0.0;20:49:57;Estacionario / Sem Variacao;96.0;96.0;96.0;96.0;96.0
2;3;SRV-DTIC-PROD;2026-05-20 20:49:57;96.0;29.3;23.5;0.0;0.4508;11.876;0.0;-0.0;20:49:57;Estacionario / Sem Variacao;96.0;96.0;96.0;96.0;96.0
2;3;SRV-DTIC-PROD;2026-05-20 20:49:57;96.0;29.3;23.5;0.0;0.4508;11.876;0.0;-0.0;20:49:57;Estacionario / Sem Variacao;96.0;96.0;96.0;96.0;96.0
2;3;SRV-DTIC-PROD;2026-05-20 20:49:57;96.0;29.3;23.5;0.0;0.4508;11.876;0.0;-0.0;20:49:57;Estacionario / Sem Variacao;96.0;96.0;96.0;96.0;96.0
2;3;SRV-DTIC-PROD;2026-05-20 20:49:57;96.0;29.3;23.5;0.0;0.4508;11.876;0.0;-0.0;20:49:57;Estacionario / Sem Variacao;96.0;96.0;96.0;96.0;96.0
2;3;SRV-DTIC-PROD;2026-05-20 20:49:57;96.0;29.3;23.5;0.0;0.4508;11.876;0.0;-0.0;20:49:57;Estacionario / Sem Variacao;96.0;96.0;96.0;96.0;96.0
2;3;SRV-DTIC-PROD;2026-05-20 20:49:57;96.0;29.3;23.5;0.0;0.4508;11.876;0.0;-0.0;20:49:57;Estacionario / Sem Variacao;96.0;96.0;96.0;96.0;96.0
2;3;SRV-DTIC-PROD;2026-05-20 20:50:14;96.1;29.3;7.75;0.0;0.3047;11.8149;0.0;0.2047;20:50:14;19.05 min;96.11;96.11;96.12;96.12;96.13
2;3;SRV-DTIC-PROD;2026-05-20 20:50:14;96.1;29.3;7.75;0.0;0.3047;11.8149;0.0;0.2047;20:50:14;19.05 min;96.11;96.11;96.12;96.12;96.13
2;3;SRV-DTIC-PROD;2026-05-20 20:50:14;96.1;29.3;7.75;0.0;0.3047;11.8149;0.0;0.2047;20:50:14;19.05 min;96.11;96.11;96.12;96.12;96.13
2;3;SRV-DTIC-PROD;2026-05-20 20:50:14;96.1;29.3;7.75;0.0;0.3047;11.8149;0.0;0.2047;20:50:14;19.05 min;96.11;96.11;96.12;96.12;96.13
2;3;SRV-DTIC-PROD;2026-05-20 20:50:14;96.1;29.3;7.75;0.0;0.3047;11.8149;0.0;0.2047;20:50:14;19.05 min;96.11;96.11;96.12;96.12;96.13
2;3;SRV-DTIC-PROD;2026-05-20 20:50:14;96.1;29.3;7.75;0.0;0.3047;11.8149;0.0;0.2047;20:50:14;19.05 min;96.11;96.11;96.12;96.12;96.13
2;3;SRV-DTIC-PROD;2026-05-20 20:50:14;96.1;29.3;7.75;0.0;0.3047;11.8149;0.0;0.2047;20:50:14;19.05 min;96.11;96.11;96.12;96.12;96.13
2;3;SRV-DTIC-PROD;2026-05-20 20:50:14;96.1;29.3;7.75;0.0;0.3047;11.8149;0.0;0.2047;20:50:14;19.05 min;96.11;96.11;96.12;96.12;96.13
2;3;SRV-DTIC-PROD;2026-05-20 20:50:14;96.1;29.3;7.75;0.0;0.3047;11.8149;0.0;0.2047;20:50:14;19.05 min;96.11;96.11;96.12;96.12;96.13
2;3;SRV-DTIC-PROD;2026-05-20 20:50:14;96.1;29.3;7.75;0.0;0.3047;11.8149;0.0;0.2047;20:50:14;19.05 min;96.11;96.11;96.12;96.12;96.13
2;3;SRV-DTIC-PROD;2026-05-20 20:50:31;96.2;29.3;8.25;0.0;0.3132;12.2246;0.0;0.3529;20:50:31;10.77 min;96.21;96.22;96.23;96.23;96.24
2;3;SRV-DTIC-PROD;2026-05-20 20:50:31;96.2;29.3;8.25;0.0;0.3132;12.2246;0.0;0.3529;20:50:31;10.77 min;96.21;96.22;96.23;96.23;96.24
2;3;SRV-DTIC-PROD;2026-05-20 20:50:31;96.2;29.3;8.25;0.0;0.3132;12.2246;0.0;0.3529;20:50:31;10.77 min;96.21;96.22;96.23;96.23;96.24
2;3;SRV-DTIC-PROD;2026-05-20 20:50:31;96.2;29.3;8.25;0.0;0.3132;12.2246;0.0;0.3529;20:50:31;10.77 min;96.21;96.22;96.23;96.23;96.24
2;3;SRV-DTIC-PROD;2026-05-20 20:50:31;96.2;29.3;8.25;0.0;0.3132;12.2246;0.0;0.3529;20:50:31;10.77 min;96.21;96.22;96.23;96.23;96.24
2;3;SRV-DTIC-PROD;2026-05-20 20:50:31;96.2;29.3;8.25;0.0;0.3132;12.2246;0.0;0.3529;20:50:31;10.77 min;96.21;96.22;96.23;96.23;96.24
2;3;SRV-DTIC-PROD;2026-05-20 20:50:31;96.2;29.3;8.25;0.0;0.3132;12.2246;0.0;0.3529;20:50:31;10.77 min;96.21;96.22;96.23;96.23;96.24
2;3;SRV-DTIC-PROD;2026-05-20 20:50:31;96.2;29.3;8.25;0.0;0.3132;12.2246;0.0;0.3529;20:50:31;10.77 min;96.21;96.22;96.23;96.23;96.24
2;3;SRV-DTIC-PROD;2026-05-20 20:50:31;96.2;29.3;8.25;0.0;0.3132;12.2246;0.0;0.3529;20:50:31;10.77 min;96.21;96.22;96.23;96.23;96.24
2;3;SRV-DTIC-PROD;2026-05-20 20:50:31;96.2;29.3;8.25;0.0;0.3132;12.2246;0.0;0.3529;20:50:31;10.77 min;96.21;96.22;96.23;96.23;96.24
2;3;SRV-DTIC-PROD;2026-05-20 20:50:48;96.3;29.3;1.75;0.0;0.3069;11.8219;0.0;0.3529;20:50:48;10.48 min;96.31;96.32;96.33;96.33;96.34
2;3;SRV-DTIC-PROD;2026-05-20 20:50:48;96.3;29.3;1.75;0.0;0.3069;11.8219;0.0;0.3529;20:50:48;10.48 min;96.31;96.32;96.33;96.33;96.34
2;3;SRV-DTIC-PROD;2026-05-20 20:50:48;96.3;29.3;1.75;0.0;0.3069;11.8219;0.0;0.3529;20:50:48;10.48 min;96.31;96.32;96.33;96.33;96.34
2;3;SRV-DTIC-PROD;2026-05-20 20:50:48;96.3;29.3;1.75;0.0;0.3069;11.8219;0.0;0.3529;20:50:48;10.48 min;96.31;96.32;96.33;96.33;96.34
2;3;SRV-DTIC-PROD;2026-05-20 20:50:48;96.3;29.3;1.75;0.0;0.3069;11.8219;0.0;0.3529;20:50:48;10.48 min;96.31;96.32;96.33;96.33;96.34
2;3;SRV-DTIC-PROD;2026-05-20 20:50:48;96.3;29.3;1.75;0.0;0.3069;11.8219;0.0;0.3529;20:50:48;10.48 min;96.31;96.32;96.33;96.33;96.34
2;3;SRV-DTIC-PROD;2026-05-20 20:50:48;96.3;29.3;1.75;0.0;0.3069;11.8219;0.0;0.3529;20:50:48;10.48 min;96.31;96.32;96.33;96.33;96.34
2;3;SRV-DTIC-PROD;2026-05-20 20:50:48;96.3;29.3;1.75;0.0;0.3069;11.8219;0.0;0.3529;20:50:48;10.48 min;96.31;96.32;96.33;96.33;96.34
2;3;SRV-DTIC-PROD;2026-05-20 20:50:48;96.3;29.3;1.75;0.0;0.3069;11.8219;0.0;0.3529;20:50:48;10.48 min;96.31;96.32;96.33;96.33;96.34
2;3;SRV-DTIC-PROD;2026-05-20 20:50:48;96.3;29.3;1.75;0.0;0.3069;11.8219;0.0;0.3529;20:50:48;10.48 min;96.31;96.32;96.33;96.33;96.34
2;3;SRV-DTIC-PROD;2026-05-20 20:51:04;96.0;29.3;7.67;20.0;0.3076;11.9301;0.0;-0.5025;20:51:04;Tendencia de Queda (Estavel);95.99;95.98;95.96;95.95;95.94
2;3;SRV-DTIC-PROD;2026-05-20 20:51:04;96.0;29.3;7.67;20.0;0.3076;11.9301;0.0;-0.5025;20:51:04;Tendencia de Queda (Estavel);95.99;95.98;95.96;95.95;95.94
2;3;SRV-DTIC-PROD;2026-05-20 20:51:04;96.0;29.3;7.67;20.0;0.3076;11.9301;0.0;-0.5025;20:51:04;Tendencia de Queda (Estavel);95.99;95.98;95.96;95.95;95.94
2;3;SRV-DTIC-PROD;2026-05-20 20:51:04;96.0;29.3;7.67;20.0;0.3076;11.9301;0.0;-0.5025;20:51:04;Tendencia de Queda (Estavel);95.99;95.98;95.96;95.95;95.94
2;3;SRV-DTIC-PROD;2026-05-20 20:51:04;96.0;29.3;7.67;20.0;0.3076;11.9301;0.0;-0.5025;20:51:04;Tendencia de Queda (Estavel);95.99;95.98;95.96;95.95;95.94
2;3;SRV-DTIC-PROD;2026-05-20 20:51:04;96.0;29.3;7.67;20.0;0.3076;11.9301;0.0;-0.5025;20:51:04;Tendencia de Queda (Estavel);95.99;95.98;95.96;95.95;95.94
2;3;SRV-DTIC-PROD;2026-05-20 20:51:04;96.0;29.3;7.67;20.0;0.3076;11.9301;0.0;-0.5025;20:51:04;Tendencia de Queda (Estavel);95.99;95.98;95.96;95.95;95.94
2;3;SRV-DTIC-PROD;2026-05-20 20:51:04;96.0;29.3;7.67;20.0;0.3076;11.9301;0.0;-0.5025;20:51:04;Tendencia de Queda (Estavel);95.99;95.98;95.96;95.95;95.94
2;3;SRV-DTIC-PROD;2026-05-20 20:51:04;96.0;29.3;7.67;20.0;0.3076;11.9301;0.0;-0.5025;20:51:04;Tendencia de Queda (Estavel);95.99;95.98;95.96;95.95;95.94
2;3;SRV-DTIC-PROD;2026-05-20 20:51:04;96.0;29.3;7.67;20.0;0.3076;11.9301;0.0;-0.5025;20:51:04;Tendencia de Queda (Estavel);95.99;95.98;95.96;95.95;95.94
2;3;SRV-DTIC-PROD;2026-05-20 20:51:24;96.7;29.2;3.5;0.0;0.3129;11.8349;-0.9463;1.0486;20:51:24;3.15 min;96.73;96.75;96.78;96.81;96.84
2;3;SRV-DTIC-PROD;2026-05-20 20:51:24;96.7;29.2;3.5;0.0;0.3129;11.8349;-0.9463;1.0486;20:51:24;3.15 min;96.73;96.75;96.78;96.81;96.84
2;3;SRV-DTIC-PROD;2026-05-20 20:51:24;96.7;29.2;3.5;0.0;0.3129;11.8349;-0.9463;1.0486;20:51:24;3.15 min;96.73;96.75;96.78;96.81;96.84
2;3;SRV-DTIC-PROD;2026-05-20 20:51:24;96.7;29.2;3.5;0.0;0.3129;11.8349;-0.9463;1.0486;20:51:24;3.15 min;96.73;96.75;96.78;96.81;96.84
2;3;SRV-DTIC-PROD;2026-05-20 20:51:24;96.7;29.2;3.5;0.0;0.3129;11.8349;-0.9463;1.0486;20:51:24;3.15 min;96.73;96.75;96.78;96.81;96.84
2;3;SRV-DTIC-PROD;2026-05-20 20:51:24;96.7;29.2;3.5;0.0;0.3129;11.8349;-0.9463;1.0486;20:51:24;3.15 min;96.73;96.75;96.78;96.81;96.84
2;3;SRV-DTIC-PROD;2026-05-20 20:51:24;96.7;29.2;3.5;0.0;0.3129;11.8349;-0.9463;1.0486;20:51:24;3.15 min;96.73;96.75;96.78;96.81;96.84
2;3;SRV-DTIC-PROD;2026-05-20 20:51:24;96.7;29.2;3.5;0.0;0.3129;11.8349;-0.9463;1.0486;20:51:24;3.15 min;96.73;96.75;96.78;96.81;96.84
2;3;SRV-DTIC-PROD;2026-05-20 20:51:24;96.7;29.2;3.5;0.0;0.3129;11.8349;-0.9463;1.0486;20:51:24;3.15 min;96.73;96.75;96.78;96.81;96.84
2;3;SRV-DTIC-PROD;2026-05-20 20:51:24;96.7;29.2;3.5;0.0;0.3129;11.8349;-0.9463;1.0486;20:51:24;3.15 min;96.73;96.75;96.78;96.81;96.84
2;3;SRV-DTIC-PROD;2026-05-20 20:51:40;94.6;29.2;18.75;0.0;0.3288;11.8549;0.1348;-3.0925;20:51:40;Tendencia de Queda (Estavel);94.52;94.44;94.36;94.28;94.2
2;3;SRV-DTIC-PROD;2026-05-20 20:51:40;94.6;29.2;18.75;0.0;0.3288;11.8549;0.1348;-3.0925;20:51:40;Tendencia de Queda (Estavel);94.52;94.44;94.36;94.28;94.2
2;3;SRV-DTIC-PROD;2026-05-20 20:51:40;94.6;29.2;18.75;0.0;0.3288;11.8549;0.1348;-3.0925;20:51:40;Tendencia de Queda (Estavel);94.52;94.44;94.36;94.28;94.2
2;3;SRV-DTIC-PROD;2026-05-20 20:51:40;94.6;29.2;18.75;0.0;0.3288;11.8549;0.1348;-3.0925;20:51:40;Tendencia de Queda (Estavel);94.52;94.44;94.36;94.28;94.2
2;3;SRV-DTIC-PROD;2026-05-20 20:51:40;94.6;29.2;18.75;0.0;0.3288;11.8549;0.1348;-3.0925;20:51:40;Tendencia de Queda (Estavel);94.52;94.44;94.36;94.28;94.2
2;3;SRV-DTIC-PROD;2026-05-20 20:51:40;94.6;29.2;18.75;0.0;0.3288;11.8549;0.1348;-3.0925;20:51:40;Tendencia de Queda (Estavel);94.52;94.44;94.36;94.28;94.2
2;3;SRV-DTIC-PROD;2026-05-20 20:51:40;94.6;29.2;18.75;0.0;0.3288;11.8549;0.1348;-3.0925;20:51:40;Tendencia de Queda (Estavel);94.52;94.44;94.36;94.28;94.2
2;3;SRV-DTIC-PROD;2026-05-20 20:51:40;94.6;29.2;18.75;0.0;0.3288;11.8549;0.1348;-3.0925;20:51:40;Tendencia de Queda (Estavel);94.52;94.44;94.36;94.28;94.2
2;3;SRV-DTIC-PROD;2026-05-20 20:51:40;94.6;29.2;18.75;0.0;0.3288;11.8549;0.1348;-3.0925;20:51:40;Tendencia de Queda (Estavel);94.52;94.44;94.36;94.28;94.2
2;3;SRV-DTIC-PROD;2026-05-20 20:51:40;94.6;29.2;18.75;0.0;0.3288;11.8549;0.1348;-3.0925;20:51:40;Tendencia de Queda (Estavel);94.52;94.44;94.36;94.28;94.2
2;3;SRV-DTIC-PROD;2026-05-20 20:51:55;68.0;37.7;6.25;0.0;0.2974;11.7867;-0.9985;-64.7643;20:51:55;Tendencia de Queda (Estavel);66.55;65.09;63.64;62.18;60.73
2;3;SRV-DTIC-PROD;2026-05-20 20:51:55;68.0;37.7;6.25;0.0;0.2974;11.7867;-0.9985;-64.7643;20:51:55;Tendencia de Queda (Estavel);66.55;65.09;63.64;62.18;60.73
2;3;SRV-DTIC-PROD;2026-05-20 20:51:55;68.0;37.7;6.25;0.0;0.2974;11.7867;-0.9985;-64.7643;20:51:55;Tendencia de Queda (Estavel);66.55;65.09;63.64;62.18;60.73
2;3;SRV-DTIC-PROD;2026-05-20 20:51:55;68.0;37.7;6.25;0.0;0.2974;11.7867;-0.9985;-64.7643;20:51:55;Tendencia de Queda (Estavel);66.55;65.09;63.64;62.18;60.73
2;3;SRV-DTIC-PROD;2026-05-20 20:51:55;68.0;37.7;6.25;0.0;0.2974;11.7867;-0.9985;-64.7643;20:51:55;Tendencia de Queda (Estavel);66.55;65.09;63.64;62.18;60.73
2;3;SRV-DTIC-PROD;2026-05-20 20:51:55;68.0;37.7;6.25;0.0;0.2974;11.7867;-0.9985;-64.7643;20:51:55;Tendencia de Queda (Estavel);66.55;65.09;63.64;62.18;60.73
2;3;SRV-DTIC-PROD;2026-05-20 20:51:55;68.0;37.7;6.25;0.0;0.2974;11.7867;-0.9985;-64.7643;20:51:55;Tendencia de Queda (Estavel);66.55;65.09;63.64;62.18;60.73
2;3;SRV-DTIC-PROD;2026-05-20 20:51:55;68.0;37.7;6.25;0.0;0.2974;11.7867;-0.9985;-64.7643;20:51:55;Tendencia de Queda (Estavel);66.55;65.09;63.64;62.18;60.73
2;3;SRV-DTIC-PROD;2026-05-20 20:51:55;68.0;37.7;6.25;0.0;0.2974;11.7867;-0.9985;-64.7643;20:51:55;Tendencia de Queda (Estavel);66.55;65.09;63.64;62.18;60.73
2;3;SRV-DTIC-PROD;2026-05-20 20:51:55;68.0;37.7;6.25;0.0;0.2974;11.7867;-0.9985;-64.7643;20:51:55;Tendencia de Queda (Estavel);66.55;65.09;63.64;62.18;60.73
2;3;SRV-DTIC-PROD;2026-05-20 20:52:10;68.0;37.7;3.5;0.0;0.2967;11.7835;-1.0;-42.56;20:52:10;Tendencia de Queda (Estavel);67.07;66.15;65.22;64.3;63.37
2;3;SRV-DTIC-PROD;2026-05-20 20:52:10;68.0;37.7;3.5;0.0;0.2967;11.7835;-1.0;-42.56;20:52:10;Tendencia de Queda (Estavel);67.07;66.15;65.22;64.3;63.37
2;3;SRV-DTIC-PROD;2026-05-20 20:52:10;68.0;37.7;3.5;0.0;0.2967;11.7835;-1.0;-42.56;20:52:10;Tendencia de Queda (Estavel);67.07;66.15;65.22;64.3;63.37
2;3;SRV-DTIC-PROD;2026-05-20 20:52:10;68.0;37.7;3.5;0.0;0.2967;11.7835;-1.0;-42.56;20:52:10;Tendencia de Queda (Estavel);67.07;66.15;65.22;64.3;63.37
2;3;SRV-DTIC-PROD;2026-05-20 20:52:10;68.0;37.7;3.5;0.0;0.2967;11.7835;-1.0;-42.56;20:52:10;Tendencia de Queda (Estavel);67.07;66.15;65.22;64.3;63.37
2;3;SRV-DTIC-PROD;2026-05-20 20:52:10;68.0;37.7;3.5;0.0;0.2967;11.7835;-1.0;-42.56;20:52:10;Tendencia de Queda (Estavel);67.07;66.15;65.22;64.3;63.37
2;3;SRV-DTIC-PROD;2026-05-20 20:52:10;68.0;37.7;3.5;0.0;0.2967;11.7835;-1.0;-42.56;20:52:10;Tendencia de Queda (Estavel);67.07;66.15;65.22;64.3;63.37
2;3;SRV-DTIC-PROD;2026-05-20 20:52:10;68.0;37.7;3.5;0.0;0.2967;11.7835;-1.0;-42.56;20:52:10;Tendencia de Queda (Estavel);67.07;66.15;65.22;64.3;63.37
2;3;SRV-DTIC-PROD;2026-05-20 20:52:10;68.0;37.7;3.5;0.0;0.2967;11.7835;-1.0;-42.56;20:52:10;Tendencia de Queda (Estavel);67.07;66.15;65.22;64.3;63.37
2;3;SRV-DTIC-PROD;2026-05-20 20:52:10;68.0;37.7;3.5;0.0;0.2967;11.7835;-1.0;-42.56;20:52:10;Tendencia de Queda (Estavel);67.07;66.15;65.22;64.3;63.37
2;3;SRV-DTIC-PROD;2026-05-20 20:52:24;70.0;37.7;23.25;0.0;0.2974;11.8071;0.0;4.9357;20:52:24;6.08 min;70.1;70.21;70.31;70.41;70.52
2;3;SRV-DTIC-PROD;2026-05-20 20:52:24;70.0;37.7;23.25;0.0;0.2974;11.8071;0.0;4.9357;20:52:24;6.08 min;70.1;70.21;70.31;70.41;70.52
2;3;SRV-DTIC-PROD;2026-05-20 20:52:24;70.0;37.7;23.25;0.0;0.2974;11.8071;0.0;4.9357;20:52:24;6.08 min;70.1;70.21;70.31;70.41;70.52
2;3;SRV-DTIC-PROD;2026-05-20 20:52:24;70.0;37.7;23.25;0.0;0.2974;11.8071;0.0;4.9357;20:52:24;6.08 min;70.1;70.21;70.31;70.41;70.52
2;3;SRV-DTIC-PROD;2026-05-20 20:52:24;70.0;37.7;23.25;0.0;0.2974;11.8071;0.0;4.9357;20:52:24;6.08 min;70.1;70.21;70.31;70.41;70.52
2;3;SRV-DTIC-PROD;2026-05-20 20:52:24;70.0;37.7;23.25;0.0;0.2974;11.8071;0.0;4.9357;20:52:24;6.08 min;70.1;70.21;70.31;70.41;70.52
2;3;SRV-DTIC-PROD;2026-05-20 20:52:24;70.0;37.7;23.25;0.0;0.2974;11.8071;0.0;4.9357;20:52:24;6.08 min;70.1;70.21;70.31;70.41;70.52
2;3;SRV-DTIC-PROD;2026-05-20 20:52:24;70.0;37.7;23.25;0.0;0.2974;11.8071;0.0;4.9357;20:52:24;6.08 min;70.1;70.21;70.31;70.41;70.52
2;3;SRV-DTIC-PROD;2026-05-20 20:52:24;70.0;37.7;23.25;0.0;0.2974;11.8071;0.0;4.9357;20:52:24;6.08 min;70.1;70.21;70.31;70.41;70.52
2;3;SRV-DTIC-PROD;2026-05-20 20:52:24;70.0;37.7;23.25;0.0;0.2974;11.8071;0.0;4.9357;20:52:24;6.08 min;70.1;70.21;70.31;70.41;70.52
2;3;SRV-DTIC-PROD;2026-05-20 20:52:39;70.1;37.7;15.75;0.0;0.296;11.7804;0.0;3.4755;20:52:39;8.6 min;70.17;70.25;70.32;70.39;70.47
2;3;SRV-DTIC-PROD;2026-05-20 20:52:39;70.1;37.7;15.75;0.0;0.296;11.7804;0.0;3.4755;20:52:39;8.6 min;70.17;70.25;70.32;70.39;70.47
2;3;SRV-DTIC-PROD;2026-05-20 20:52:39;70.1;37.7;15.75;0.0;0.296;11.7804;0.0;3.4755;20:52:39;8.6 min;70.17;70.25;70.32;70.39;70.47
2;3;SRV-DTIC-PROD;2026-05-20 20:52:39;70.1;37.7;15.75;0.0;0.296;11.7804;0.0;3.4755;20:52:39;8.6 min;70.17;70.25;70.32;70.39;70.47
2;3;SRV-DTIC-PROD;2026-05-20 20:52:39;70.1;37.7;15.75;0.0;0.296;11.7804;0.0;3.4755;20:52:39;8.6 min;70.17;70.25;70.32;70.39;70.47
2;3;SRV-DTIC-PROD;2026-05-20 20:52:39;70.1;37.7;15.75;0.0;0.296;11.7804;0.0;3.4755;20:52:39;8.6 min;70.17;70.25;70.32;70.39;70.47
2;3;SRV-DTIC-PROD;2026-05-20 20:52:39;70.1;37.7;15.75;0.0;0.296;11.7804;0.0;3.4755;20:52:39;8.6 min;70.17;70.25;70.32;70.39;70.47
2;3;SRV-DTIC-PROD;2026-05-20 20:52:39;70.1;37.7;15.75;0.0;0.296;11.7804;0.0;3.4755;20:52:39;8.6 min;70.17;70.25;70.32;70.39;70.47
2;3;SRV-DTIC-PROD;2026-05-20 20:52:39;70.1;37.7;15.75;0.0;0.296;11.7804;0.0;3.4755;20:52:39;8.6 min;70.17;70.25;70.32;70.39;70.47
2;3;SRV-DTIC-PROD;2026-05-20 20:52:39;70.1;37.7;15.75;0.0;0.296;11.7804;0.0;3.4755;20:52:39;8.6 min;70.17;70.25;70.32;70.39;70.47
2;3;SRV-DTIC-PROD;2026-05-20 20:52:54;69.8;37.7;8.5;0.0;0.2984;11.7783;0.0;-0.56;20:52:54;Tendencia de Queda (Estavel);69.79;69.78;69.76;69.75;69.74
2;3;SRV-DTIC-PROD;2026-05-20 20:52:54;69.8;37.7;8.5;0.0;0.2984;11.7783;0.0;-0.56;20:52:54;Tendencia de Queda (Estavel);69.79;69.78;69.76;69.75;69.74
2;3;SRV-DTIC-PROD;2026-05-20 20:52:54;69.8;37.7;8.5;0.0;0.2984;11.7783;0.0;-0.56;20:52:54;Tendencia de Queda (Estavel);69.79;69.78;69.76;69.75;69.74
2;3;SRV-DTIC-PROD;2026-05-20 20:52:54;69.8;37.7;8.5;0.0;0.2984;11.7783;0.0;-0.56;20:52:54;Tendencia de Queda (Estavel);69.79;69.78;69.76;69.75;69.74
2;3;SRV-DTIC-PROD;2026-05-20 20:52:54;69.8;37.7;8.5;0.0;0.2984;11.7783;0.0;-0.56;20:52:54;Tendencia de Queda (Estavel);69.79;69.78;69.76;69.75;69.74
2;3;SRV-DTIC-PROD;2026-05-20 20:52:54;69.8;37.7;8.5;0.0;0.2984;11.7783;0.0;-0.56;20:52:54;Tendencia de Queda (Estavel);69.79;69.78;69.76;69.75;69.74
2;3;SRV-DTIC-PROD;2026-05-20 20:52:54;69.8;37.7;8.5;0.0;0.2984;11.7783;0.0;-0.56;20:52:54;Tendencia de Queda (Estavel);69.79;69.78;69.76;69.75;69.74
2;3;SRV-DTIC-PROD;2026-05-20 20:52:54;69.8;37.7;8.5;0.0;0.2984;11.7783;0.0;-0.56;20:52:54;Tendencia de Queda (Estavel);69.79;69.78;69.76;69.75;69.74
2;3;SRV-DTIC-PROD;2026-05-20 20:52:54;69.8;37.7;8.5;0.0;0.2984;11.7783;0.0;-0.56;20:52:54;Tendencia de Queda (Estavel);69.79;69.78;69.76;69.75;69.74
2;3;SRV-DTIC-PROD;2026-05-20 20:52:54;69.8;37.7;8.5;0.0;0.2984;11.7783;0.0;-0.56;20:52:54;Tendencia de Queda (Estavel);69.79;69.78;69.76;69.75;69.74
2;3;SRV-DTIC-PROD;2026-05-20 20:53:08;69.5;37.7;5.0;0.0;0.3013;11.7902;0.0;-1.2494;20:53:08;Tendencia de Queda (Estavel);69.47;69.45;69.42;69.39;69.37
2;3;SRV-DTIC-PROD;2026-05-20 20:53:08;69.5;37.7;5.0;0.0;0.3013;11.7902;0.0;-1.2494;20:53:08;Tendencia de Queda (Estavel);69.47;69.45;69.42;69.39;69.37
2;3;SRV-DTIC-PROD;2026-05-20 20:53:08;69.5;37.7;5.0;0.0;0.3013;11.7902;0.0;-1.2494;20:53:08;Tendencia de Queda (Estavel);69.47;69.45;69.42;69.39;69.37
2;3;SRV-DTIC-PROD;2026-05-20 20:53:08;69.5;37.7;5.0;0.0;0.3013;11.7902;0.0;-1.2494;20:53:08;Tendencia de Queda (Estavel);69.47;69.45;69.42;69.39;69.37
2;3;SRV-DTIC-PROD;2026-05-20 20:53:08;69.5;37.7;5.0;0.0;0.3013;11.7902;0.0;-1.2494;20:53:08;Tendencia de Queda (Estavel);69.47;69.45;69.42;69.39;69.37
2;3;SRV-DTIC-PROD;2026-05-20 20:53:08;69.5;37.7;5.0;0.0;0.3013;11.7902;0.0;-1.2494;20:53:08;Tendencia de Queda (Estavel);69.47;69.45;69.42;69.39;69.37
2;3;SRV-DTIC-PROD;2026-05-20 20:53:08;69.5;37.7;5.0;0.0;0.3013;11.7902;0.0;-1.2494;20:53:08;Tendencia de Queda (Estavel);69.47;69.45;69.42;69.39;69.37
2;3;SRV-DTIC-PROD;2026-05-20 20:53:08;69.5;37.7;5.0;0.0;0.3013;11.7902;0.0;-1.2494;20:53:08;Tendencia de Queda (Estavel);69.47;69.45;69.42;69.39;69.37
2;3;SRV-DTIC-PROD;2026-05-20 20:53:08;69.5;37.7;5.0;0.0;0.3013;11.7902;0.0;-1.2494;20:53:08;Tendencia de Queda (Estavel);69.47;69.45;69.42;69.39;69.37
2;3;SRV-DTIC-PROD;2026-05-20 20:53:08;69.5;37.7;5.0;0.0;0.3013;11.7902;0.0;-1.2494;20:53:08;Tendencia de Queda (Estavel);69.47;69.45;69.42;69.39;69.37
2;3;SRV-DTIC-PROD;2026-05-20 20:53:23;69.5;37.7;5.0;0.0;0.3003;11.7944;0.0;-0.4839;20:53:23;Tendencia de Queda (Estavel);69.49;69.48;69.47;69.46;69.45
2;3;SRV-DTIC-PROD;2026-05-20 20:53:23;69.5;37.7;5.0;0.0;0.3003;11.7944;0.0;-0.4839;20:53:23;Tendencia de Queda (Estavel);69.49;69.48;69.47;69.46;69.45
2;3;SRV-DTIC-PROD;2026-05-20 20:53:23;69.5;37.7;5.0;0.0;0.3003;11.7944;0.0;-0.4839;20:53:23;Tendencia de Queda (Estavel);69.49;69.48;69.47;69.46;69.45
2;3;SRV-DTIC-PROD;2026-05-20 20:53:23;69.5;37.7;5.0;0.0;0.3003;11.7944;0.0;-0.4839;20:53:23;Tendencia de Queda (Estavel);69.49;69.48;69.47;69.46;69.45
2;3;SRV-DTIC-PROD;2026-05-20 20:53:23;69.5;37.7;5.0;0.0;0.3003;11.7944;0.0;-0.4839;20:53:23;Tendencia de Queda (Estavel);69.49;69.48;69.47;69.46;69.45
2;3;SRV-DTIC-PROD;2026-05-20 20:53:23;69.5;37.7;5.0;0.0;0.3003;11.7944;0.0;-0.4839;20:53:23;Tendencia de Queda (Estavel);69.49;69.48;69.47;69.46;69.45
2;3;SRV-DTIC-PROD;2026-05-20 20:53:23;69.5;37.7;5.0;0.0;0.3003;11.7944;0.0;-0.4839;20:53:23;Tendencia de Queda (Estavel);69.49;69.48;69.47;69.46;69.45
2;3;SRV-DTIC-PROD;2026-05-20 20:53:23;69.5;37.7;5.0;0.0;0.3003;11.7944;0.0;-0.4839;20:53:23;Tendencia de Queda (Estavel);69.49;69.48;69.47;69.46;69.45
2;3;SRV-DTIC-PROD;2026-05-20 20:53:23;69.5;37.7;5.0;0.0;0.3003;11.7944;0.0;-0.4839;20:53:23;Tendencia de Queda (Estavel);69.49;69.48;69.47;69.46;69.45
2;3;SRV-DTIC-PROD;2026-05-20 20:53:23;69.5;37.7;5.0;0.0;0.3003;11.7944;0.0;-0.4839;20:53:23;Tendencia de Queda (Estavel);69.49;69.48;69.47;69.46;69.45
2;3;SRV-DTIC-PROD;2026-05-20 20:53:37;69.3;37.7;10.0;0.0;0.2995;11.7249;0.0;-0.4936;20:53:37;Tendencia de Queda (Estavel);69.29;69.28;69.27;69.26;69.25
2;3;SRV-DTIC-PROD;2026-05-20 20:53:37;69.3;37.7;10.0;0.0;0.2995;11.7249;0.0;-0.4936;20:53:37;Tendencia de Queda (Estavel);69.29;69.28;69.27;69.26;69.25
2;3;SRV-DTIC-PROD;2026-05-20 20:53:37;69.3;37.7;10.0;0.0;0.2995;11.7249;0.0;-0.4936;20:53:37;Tendencia de Queda (Estavel);69.29;69.28;69.27;69.26;69.25
2;3;SRV-DTIC-PROD;2026-05-20 20:53:37;69.3;37.7;10.0;0.0;0.2995;11.7249;0.0;-0.4936;20:53:37;Tendencia de Queda (Estavel);69.29;69.28;69.27;69.26;69.25
2;3;SRV-DTIC-PROD;2026-05-20 20:53:37;69.3;37.7;10.0;0.0;0.2995;11.7249;0.0;-0.4936;20:53:37;Tendencia de Queda (Estavel);69.29;69.28;69.27;69.26;69.25
2;3;SRV-DTIC-PROD;2026-05-20 20:53:37;69.3;37.7;10.0;0.0;0.2995;11.7249;0.0;-0.4936;20:53:37;Tendencia de Queda (Estavel);69.29;69.28;69.27;69.26;69.25
2;3;SRV-DTIC-PROD;2026-05-20 20:53:37;69.3;37.7;10.0;0.0;0.2995;11.7249;0.0;-0.4936;20:53:37;Tendencia de Queda (Estavel);69.29;69.28;69.27;69.26;69.25
2;3;SRV-DTIC-PROD;2026-05-20 20:53:37;69.3;37.7;10.0;0.0;0.2995;11.7249;0.0;-0.4936;20:53:37;Tendencia de Queda (Estavel);69.29;69.28;69.27;69.26;69.25
2;3;SRV-DTIC-PROD;2026-05-20 20:53:37;69.3;37.7;10.0;0.0;0.2995;11.7249;0.0;-0.4936;20:53:37;Tendencia de Queda (Estavel);69.29;69.28;69.27;69.26;69.25
2;3;SRV-DTIC-PROD;2026-05-20 20:53:37;69.3;37.7;10.0;0.0;0.2995;11.7249;0.0;-0.4936;20:53:37;Tendencia de Queda (Estavel);69.29;69.28;69.27;69.26;69.25
2;3;SRV-DTIC-PROD;2026-05-20 20:53:52;70.1;37.6;82.25;0.0;0.0827;1.4083;-0.9827;1.673;20:53:52;17.87 min;70.14;70.17;70.21;70.24;70.28
2;3;SRV-DTIC-PROD;2026-05-20 20:53:52;70.1;37.6;82.25;0.0;0.0827;1.4083;-0.9827;1.673;20:53:52;17.87 min;70.14;70.17;70.21;70.24;70.28
2;3;SRV-DTIC-PROD;2026-05-20 20:53:52;70.1;37.6;82.25;0.0;0.0827;1.4083;-0.9827;1.673;20:53:52;17.87 min;70.14;70.17;70.21;70.24;70.28
2;3;SRV-DTIC-PROD;2026-05-20 20:53:52;70.1;37.6;82.25;0.0;0.0827;1.4083;-0.9827;1.673;20:53:52;17.87 min;70.14;70.17;70.21;70.24;70.28
2;3;SRV-DTIC-PROD;2026-05-20 20:53:52;70.1;37.6;82.25;0.0;0.0827;1.4083;-0.9827;1.673;20:53:52;17.87 min;70.14;70.17;70.21;70.24;70.28
2;3;SRV-DTIC-PROD;2026-05-20 20:53:52;70.1;37.6;82.25;0.0;0.0827;1.4083;-0.9827;1.673;20:53:52;17.87 min;70.14;70.17;70.21;70.24;70.28
2;3;SRV-DTIC-PROD;2026-05-20 20:53:52;70.1;37.6;82.25;0.0;0.0827;1.4083;-0.9827;1.673;20:53:52;17.87 min;70.14;70.17;70.21;70.24;70.28
2;3;SRV-DTIC-PROD;2026-05-20 20:53:52;70.1;37.6;82.25;0.0;0.0827;1.4083;-0.9827;1.673;20:53:52;17.87 min;70.14;70.17;70.21;70.24;70.28
2;3;SRV-DTIC-PROD;2026-05-20 20:53:52;70.1;37.6;82.25;0.0;0.0827;1.4083;-0.9827;1.673;20:53:52;17.87 min;70.14;70.17;70.21;70.24;70.28
2;3;SRV-DTIC-PROD;2026-05-20 20:53:52;70.1;37.6;82.25;0.0;0.0827;1.4083;-0.9827;1.673;20:53:52;17.87 min;70.14;70.17;70.21;70.24;70.28
2;3;SRV-DTIC-PROD;2026-05-20 20:54:07;74.8;37.5;5.5;0.0;0.3376;11.318;-0.9267;12.56;20:54:07;2.01 min;75.07;75.35;75.62;75.89;76.17
2;3;SRV-DTIC-PROD;2026-05-20 20:54:07;74.8;37.5;5.5;0.0;0.3376;11.318;-0.9267;12.56;20:54:07;2.01 min;75.07;75.35;75.62;75.89;76.17
2;3;SRV-DTIC-PROD;2026-05-20 20:54:07;74.8;37.5;5.5;0.0;0.3376;11.318;-0.9267;12.56;20:54:07;2.01 min;75.07;75.35;75.62;75.89;76.17
2;3;SRV-DTIC-PROD;2026-05-20 20:54:07;74.8;37.5;5.5;0.0;0.3376;11.318;-0.9267;12.56;20:54:07;2.01 min;75.07;75.35;75.62;75.89;76.17
2;3;SRV-DTIC-PROD;2026-05-20 20:54:07;74.8;37.5;5.5;0.0;0.3376;11.318;-0.9267;12.56;20:54:07;2.01 min;75.07;75.35;75.62;75.89;76.17
2;3;SRV-DTIC-PROD;2026-05-20 20:54:07;74.8;37.5;5.5;0.0;0.3376;11.318;-0.9267;12.56;20:54:07;2.01 min;75.07;75.35;75.62;75.89;76.17
2;3;SRV-DTIC-PROD;2026-05-20 20:54:07;74.8;37.5;5.5;0.0;0.3376;11.318;-0.9267;12.56;20:54:07;2.01 min;75.07;75.35;75.62;75.89;76.17
2;3;SRV-DTIC-PROD;2026-05-20 20:54:07;74.8;37.5;5.5;0.0;0.3376;11.318;-0.9267;12.56;20:54:07;2.01 min;75.07;75.35;75.62;75.89;76.17
2;3;SRV-DTIC-PROD;2026-05-20 20:54:07;74.8;37.5;5.5;0.0;0.3376;11.318;-0.9267;12.56;20:54:07;2.01 min;75.07;75.35;75.62;75.89;76.17
2;3;SRV-DTIC-PROD;2026-05-20 20:54:07;74.8;37.5;5.5;0.0;0.3376;11.318;-0.9267;12.56;20:54:07;2.01 min;75.07;75.35;75.62;75.89;76.17
2;3;SRV-DTIC-PROD;2026-05-20 20:54:23;71.4;37.5;35.25;0.0;0.2596;9.7204;-0.5845;-0.828;20:54:23;Tendencia de Queda (Estavel);71.38;71.36;71.34;71.33;71.31
2;3;SRV-DTIC-PROD;2026-05-20 20:54:23;71.4;37.5;35.25;0.0;0.2596;9.7204;-0.5845;-0.828;20:54:23;Tendencia de Queda (Estavel);71.38;71.36;71.34;71.33;71.31
2;3;SRV-DTIC-PROD;2026-05-20 20:54:23;71.4;37.5;35.25;0.0;0.2596;9.7204;-0.5845;-0.828;20:54:23;Tendencia de Queda (Estavel);71.38;71.36;71.34;71.33;71.31
2;3;SRV-DTIC-PROD;2026-05-20 20:54:23;71.4;37.5;35.25;0.0;0.2596;9.7204;-0.5845;-0.828;20:54:23;Tendencia de Queda (Estavel);71.38;71.36;71.34;71.33;71.31
2;3;SRV-DTIC-PROD;2026-05-20 20:54:23;71.4;37.5;35.25;0.0;0.2596;9.7204;-0.5845;-0.828;20:54:23;Tendencia de Queda (Estavel);71.38;71.36;71.34;71.33;71.31
2;3;SRV-DTIC-PROD;2026-05-20 20:54:23;71.4;37.5;35.25;0.0;0.2596;9.7204;-0.5845;-0.828;20:54:23;Tendencia de Queda (Estavel);71.38;71.36;71.34;71.33;71.31
2;3;SRV-DTIC-PROD;2026-05-20 20:54:23;71.4;37.5;35.25;0.0;0.2596;9.7204;-0.5845;-0.828;20:54:23;Tendencia de Queda (Estavel);71.38;71.36;71.34;71.33;71.31
2;3;SRV-DTIC-PROD;2026-05-20 20:54:23;71.4;37.5;35.25;0.0;0.2596;9.7204;-0.5845;-0.828;20:54:23;Tendencia de Queda (Estavel);71.38;71.36;71.34;71.33;71.31
2;3;SRV-DTIC-PROD;2026-05-20 20:54:23;71.4;37.5;35.25;0.0;0.2596;9.7204;-0.5845;-0.828;20:54:23;Tendencia de Queda (Estavel);71.38;71.36;71.34;71.33;71.31
2;3;SRV-DTIC-PROD;2026-05-20 20:54:23;71.4;37.5;35.25;0.0;0.2596;9.7204;-0.5845;-0.828;20:54:23;Tendencia de Queda (Estavel);71.38;71.36;71.34;71.33;71.31
2;3;SRV-DTIC-PROD;2026-05-20 20:54:39;74.6;37.5;9.5;0.0;0.29;11.3084;0.0;2.1;20:54:39;12.1 min;74.65;74.7;74.75;74.79;74.84
2;3;SRV-DTIC-PROD;2026-05-20 20:54:39;74.6;37.5;9.5;0.0;0.29;11.3084;0.0;2.1;20:54:39;12.1 min;74.65;74.7;74.75;74.79;74.84
2;3;SRV-DTIC-PROD;2026-05-20 20:54:39;74.6;37.5;9.5;0.0;0.29;11.3084;0.0;2.1;20:54:39;12.1 min;74.65;74.7;74.75;74.79;74.84
2;3;SRV-DTIC-PROD;2026-05-20 20:54:39;74.6;37.5;9.5;0.0;0.29;11.3084;0.0;2.1;20:54:39;12.1 min;74.65;74.7;74.75;74.79;74.84
2;3;SRV-DTIC-PROD;2026-05-20 20:54:39;74.6;37.5;9.5;0.0;0.29;11.3084;0.0;2.1;20:54:39;12.1 min;74.65;74.7;74.75;74.79;74.84
2;3;SRV-DTIC-PROD;2026-05-20 20:54:39;74.6;37.5;9.5;0.0;0.29;11.3084;0.0;2.1;20:54:39;12.1 min;74.65;74.7;74.75;74.79;74.84
2;3;SRV-DTIC-PROD;2026-05-20 20:54:39;74.6;37.5;9.5;0.0;0.29;11.3084;0.0;2.1;20:54:39;12.1 min;74.65;74.7;74.75;74.79;74.84
2;3;SRV-DTIC-PROD;2026-05-20 20:54:39;74.6;37.5;9.5;0.0;0.29;11.3084;0.0;2.1;20:54:39;12.1 min;74.65;74.7;74.75;74.79;74.84
2;3;SRV-DTIC-PROD;2026-05-20 20:54:39;74.6;37.5;9.5;0.0;0.29;11.3084;0.0;2.1;20:54:39;12.1 min;74.65;74.7;74.75;74.79;74.84
2;3;SRV-DTIC-PROD;2026-05-20 20:54:39;74.6;37.5;9.5;0.0;0.29;11.3084;0.0;2.1;20:54:39;12.1 min;74.65;74.7;74.75;74.79;74.84
2;3;SRV-DTIC-PROD;2026-05-20 20:54:54;79.6;37.5;11.25;0.0;0.2396;9.3735;0.0;16.6193;20:54:54;1.23 min;79.97;80.35;80.72;81.09;81.47
2;3;SRV-DTIC-PROD;2026-05-20 20:54:54;79.6;37.5;11.25;0.0;0.2396;9.3735;0.0;16.6193;20:54:54;1.23 min;79.97;80.35;80.72;81.09;81.47
2;3;SRV-DTIC-PROD;2026-05-20 20:54:54;79.6;37.5;11.25;0.0;0.2396;9.3735;0.0;16.6193;20:54:54;1.23 min;79.97;80.35;80.72;81.09;81.47
2;3;SRV-DTIC-PROD;2026-05-20 20:54:54;79.6;37.5;11.25;0.0;0.2396;9.3735;0.0;16.6193;20:54:54;1.23 min;79.97;80.35;80.72;81.09;81.47
2;3;SRV-DTIC-PROD;2026-05-20 20:54:54;79.6;37.5;11.25;0.0;0.2396;9.3735;0.0;16.6193;20:54:54;1.23 min;79.97;80.35;80.72;81.09;81.47
2;3;SRV-DTIC-PROD;2026-05-20 20:54:54;79.6;37.5;11.25;0.0;0.2396;9.3735;0.0;16.6193;20:54:54;1.23 min;79.97;80.35;80.72;81.09;81.47
2;3;SRV-DTIC-PROD;2026-05-20 20:54:54;79.6;37.5;11.25;0.0;0.2396;9.3735;0.0;16.6193;20:54:54;1.23 min;79.97;80.35;80.72;81.09;81.47
2;3;SRV-DTIC-PROD;2026-05-20 20:54:54;79.6;37.5;11.25;0.0;0.2396;9.3735;0.0;16.6193;20:54:54;1.23 min;79.97;80.35;80.72;81.09;81.47
2;3;SRV-DTIC-PROD;2026-05-20 20:54:54;79.6;37.5;11.25;0.0;0.2396;9.3735;0.0;16.6193;20:54:54;1.23 min;79.97;80.35;80.72;81.09;81.47
2;3;SRV-DTIC-PROD;2026-05-20 20:54:54;79.6;37.5;11.25;0.0;0.2396;9.3735;0.0;16.6193;20:54:54;1.23 min;79.97;80.35;80.72;81.09;81.47
2;3;SRV-DTIC-PROD;2026-05-20 20:55:10;84.3;37.5;33.75;0.0;0.2891;11.4169;0.0;18.5225;20:55:10;0.85 min;84.72;85.13;85.55;85.96;86.38
2;3;SRV-DTIC-PROD;2026-05-20 20:55:10;84.3;37.5;33.75;0.0;0.2891;11.4169;0.0;18.5225;20:55:10;0.85 min;84.72;85.13;85.55;85.96;86.38
2;3;SRV-DTIC-PROD;2026-05-20 20:55:10;84.3;37.5;33.75;0.0;0.2891;11.4169;0.0;18.5225;20:55:10;0.85 min;84.72;85.13;85.55;85.96;86.38
2;3;SRV-DTIC-PROD;2026-05-20 20:55:10;84.3;37.5;33.75;0.0;0.2891;11.4169;0.0;18.5225;20:55:10;0.85 min;84.72;85.13;85.55;85.96;86.38
2;3;SRV-DTIC-PROD;2026-05-20 20:55:10;84.3;37.5;33.75;0.0;0.2891;11.4169;0.0;18.5225;20:55:10;0.85 min;84.72;85.13;85.55;85.96;86.38
2;3;SRV-DTIC-PROD;2026-05-20 20:55:10;84.3;37.5;33.75;0.0;0.2891;11.4169;0.0;18.5225;20:55:10;0.85 min;84.72;85.13;85.55;85.96;86.38
2;3;SRV-DTIC-PROD;2026-05-20 20:55:10;84.3;37.5;33.75;0.0;0.2891;11.4169;0.0;18.5225;20:55:10;0.85 min;84.72;85.13;85.55;85.96;86.38
2;3;SRV-DTIC-PROD;2026-05-20 20:55:10;84.3;37.5;33.75;0.0;0.2891;11.4169;0.0;18.5225;20:55:10;0.85 min;84.72;85.13;85.55;85.96;86.38
2;3;SRV-DTIC-PROD;2026-05-20 20:55:10;84.3;37.5;33.75;0.0;0.2891;11.4169;0.0;18.5225;20:55:10;0.85 min;84.72;85.13;85.55;85.96;86.38
2;3;SRV-DTIC-PROD;2026-05-20 20:55:10;84.3;37.5;33.75;0.0;0.2891;11.4169;0.0;18.5225;20:55:10;0.85 min;84.72;85.13;85.55;85.96;86.38
2;3;SRV-DTIC-PROD;2026-05-20 20:55:25;83.5;37.3;12.0;0.0;0.2777;11.2552;-0.1628;5.6004;20:55:25;2.95 min;83.63;83.75;83.88;84.0;84.13
2;3;SRV-DTIC-PROD;2026-05-20 20:55:25;83.5;37.3;12.0;0.0;0.2777;11.2552;-0.1628;5.6004;20:55:25;2.95 min;83.63;83.75;83.88;84.0;84.13
2;3;SRV-DTIC-PROD;2026-05-20 20:55:25;83.5;37.3;12.0;0.0;0.2777;11.2552;-0.1628;5.6004;20:55:25;2.95 min;83.63;83.75;83.88;84.0;84.13
2;3;SRV-DTIC-PROD;2026-05-20 20:55:25;83.5;37.3;12.0;0.0;0.2777;11.2552;-0.1628;5.6004;20:55:25;2.95 min;83.63;83.75;83.88;84.0;84.13
2;3;SRV-DTIC-PROD;2026-05-20 20:55:25;83.5;37.3;12.0;0.0;0.2777;11.2552;-0.1628;5.6004;20:55:25;2.95 min;83.63;83.75;83.88;84.0;84.13
2;3;SRV-DTIC-PROD;2026-05-20 20:55:25;83.5;37.3;12.0;0.0;0.2777;11.2552;-0.1628;5.6004;20:55:25;2.95 min;83.63;83.75;83.88;84.0;84.13
2;3;SRV-DTIC-PROD;2026-05-20 20:55:25;83.5;37.3;12.0;0.0;0.2777;11.2552;-0.1628;5.6004;20:55:25;2.95 min;83.63;83.75;83.88;84.0;84.13
2;3;SRV-DTIC-PROD;2026-05-20 20:55:25;83.5;37.3;12.0;0.0;0.2777;11.2552;-0.1628;5.6004;20:55:25;2.95 min;83.63;83.75;83.88;84.0;84.13
2;3;SRV-DTIC-PROD;2026-05-20 20:55:25;83.5;37.3;12.0;0.0;0.2777;11.2552;-0.1628;5.6004;20:55:25;2.95 min;83.63;83.75;83.88;84.0;84.13
2;3;SRV-DTIC-PROD;2026-05-20 20:55:25;83.5;37.3;12.0;0.0;0.2777;11.2552;-0.1628;5.6004;20:55:25;2.95 min;83.63;83.75;83.88;84.0;84.13
2;3;SRV-DTIC-PROD;2026-05-20 20:55:40;84.0;37.3;4.5;0.0;0.2835;11.5026;0.6682;-0.08;20:55:40;Tendencia de Queda (Estavel);84.0;84.0;83.99;83.99;83.99
2;3;SRV-DTIC-PROD;2026-05-20 20:55:40;84.0;37.3;4.5;0.0;0.2835;11.5026;0.6682;-0.08;20:55:40;Tendencia de Queda (Estavel);84.0;84.0;83.99;83.99;83.99
2;3;SRV-DTIC-PROD;2026-05-20 20:55:40;84.0;37.3;4.5;0.0;0.2835;11.5026;0.6682;-0.08;20:55:40;Tendencia de Queda (Estavel);84.0;84.0;83.99;83.99;83.99
2;3;SRV-DTIC-PROD;2026-05-20 20:55:40;84.0;37.3;4.5;0.0;0.2835;11.5026;0.6682;-0.08;20:55:40;Tendencia de Queda (Estavel);84.0;84.0;83.99;83.99;83.99
2;3;SRV-DTIC-PROD;2026-05-20 20:55:40;84.0;37.3;4.5;0.0;0.2835;11.5026;0.6682;-0.08;20:55:40;Tendencia de Queda (Estavel);84.0;84.0;83.99;83.99;83.99
2;3;SRV-DTIC-PROD;2026-05-20 20:55:40;84.0;37.3;4.5;0.0;0.2835;11.5026;0.6682;-0.08;20:55:40;Tendencia de Queda (Estavel);84.0;84.0;83.99;83.99;83.99
2;3;SRV-DTIC-PROD;2026-05-20 20:55:40;84.0;37.3;4.5;0.0;0.2835;11.5026;0.6682;-0.08;20:55:40;Tendencia de Queda (Estavel);84.0;84.0;83.99;83.99;83.99
2;3;SRV-DTIC-PROD;2026-05-20 20:55:40;84.0;37.3;4.5;0.0;0.2835;11.5026;0.6682;-0.08;20:55:40;Tendencia de Queda (Estavel);84.0;84.0;83.99;83.99;83.99
2;3;SRV-DTIC-PROD;2026-05-20 20:55:40;84.0;37.3;4.5;0.0;0.2835;11.5026;0.6682;-0.08;20:55:40;Tendencia de Queda (Estavel);84.0;84.0;83.99;83.99;83.99
2;3;SRV-DTIC-PROD;2026-05-20 20:55:40;84.0;37.3;4.5;0.0;0.2835;11.5026;0.6682;-0.08;20:55:40;Tendencia de Queda (Estavel);84.0;84.0;83.99;83.99;83.99
2;3;SRV-DTIC-PROD;2026-05-20 20:55:54;84.6;37.3;7.0;0.0;0.3526;11.4954;0.0;2.329;20:55:54;6.61 min;84.65;84.7;84.75;84.8;84.84
2;3;SRV-DTIC-PROD;2026-05-20 20:55:54;84.6;37.3;7.0;0.0;0.3526;11.4954;0.0;2.329;20:55:54;6.61 min;84.65;84.7;84.75;84.8;84.84
2;3;SRV-DTIC-PROD;2026-05-20 20:55:54;84.6;37.3;7.0;0.0;0.3526;11.4954;0.0;2.329;20:55:54;6.61 min;84.65;84.7;84.75;84.8;84.84
2;3;SRV-DTIC-PROD;2026-05-20 20:55:54;84.6;37.3;7.0;0.0;0.3526;11.4954;0.0;2.329;20:55:54;6.61 min;84.65;84.7;84.75;84.8;84.84
2;3;SRV-DTIC-PROD;2026-05-20 20:55:54;84.6;37.3;7.0;0.0;0.3526;11.4954;0.0;2.329;20:55:54;6.61 min;84.65;84.7;84.75;84.8;84.84
2;3;SRV-DTIC-PROD;2026-05-20 20:55:54;84.6;37.3;7.0;0.0;0.3526;11.4954;0.0;2.329;20:55:54;6.61 min;84.65;84.7;84.75;84.8;84.84
2;3;SRV-DTIC-PROD;2026-05-20 20:55:54;84.6;37.3;7.0;0.0;0.3526;11.4954;0.0;2.329;20:55:54;6.61 min;84.65;84.7;84.75;84.8;84.84
2;3;SRV-DTIC-PROD;2026-05-20 20:55:54;84.6;37.3;7.0;0.0;0.3526;11.4954;0.0;2.329;20:55:54;6.61 min;84.65;84.7;84.75;84.8;84.84
2;3;SRV-DTIC-PROD;2026-05-20 20:55:54;84.6;37.3;7.0;0.0;0.3526;11.4954;0.0;2.329;20:55:54;6.61 min;84.65;84.7;84.75;84.8;84.84
2;3;SRV-DTIC-PROD;2026-05-20 20:55:54;84.6;37.3;7.0;0.0;0.3526;11.4954;0.0;2.329;20:55:54;6.61 min;84.65;84.7;84.75;84.8;84.84
2;3;SRV-DTIC-PROD;2026-05-20 20:56:10;70.9;37.2;3.0;0.0;0.301;11.4407;0.9995;-32.2327;20:56:10;Tendencia de Queda (Estavel);70.2;69.5;68.8;68.1;67.4
2;3;SRV-DTIC-PROD;2026-05-20 20:56:10;70.9;37.2;3.0;0.0;0.301;11.4407;0.9995;-32.2327;20:56:10;Tendencia de Queda (Estavel);70.2;69.5;68.8;68.1;67.4
2;3;SRV-DTIC-PROD;2026-05-20 20:56:10;70.9;37.2;3.0;0.0;0.301;11.4407;0.9995;-32.2327;20:56:10;Tendencia de Queda (Estavel);70.2;69.5;68.8;68.1;67.4
2;3;SRV-DTIC-PROD;2026-05-20 20:56:10;70.9;37.2;3.0;0.0;0.301;11.4407;0.9995;-32.2327;20:56:10;Tendencia de Queda (Estavel);70.2;69.5;68.8;68.1;67.4
2;3;SRV-DTIC-PROD;2026-05-20 20:56:10;70.9;37.2;3.0;0.0;0.301;11.4407;0.9995;-32.2327;20:56:10;Tendencia de Queda (Estavel);70.2;69.5;68.8;68.1;67.4
2;3;SRV-DTIC-PROD;2026-05-20 20:56:10;70.9;37.2;3.0;0.0;0.301;11.4407;0.9995;-32.2327;20:56:10;Tendencia de Queda (Estavel);70.2;69.5;68.8;68.1;67.4
2;3;SRV-DTIC-PROD;2026-05-20 20:56:10;70.9;37.2;3.0;0.0;0.301;11.4407;0.9995;-32.2327;20:56:10;Tendencia de Queda (Estavel);70.2;69.5;68.8;68.1;67.4
2;3;SRV-DTIC-PROD;2026-05-20 20:56:10;70.9;37.2;3.0;0.0;0.301;11.4407;0.9995;-32.2327;20:56:10;Tendencia de Queda (Estavel);70.2;69.5;68.8;68.1;67.4
2;3;SRV-DTIC-PROD;2026-05-20 20:56:10;70.9;37.2;3.0;0.0;0.301;11.4407;0.9995;-32.2327;20:56:10;Tendencia de Queda (Estavel);70.2;69.5;68.8;68.1;67.4
2;3;SRV-DTIC-PROD;2026-05-20 20:56:10;70.9;37.2;3.0;0.0;0.301;11.4407;0.9995;-32.2327;20:56:10;Tendencia de Queda (Estavel);70.2;69.5;68.8;68.1;67.4
2;3;SRV-DTIC-PROD;2026-05-20 20:56:24;71.1;37.2;6.0;0.0;0.2784;11.2478;0.9998;-22.4982;20:56:24;Tendencia de Queda (Estavel);70.61;70.12;69.63;69.14;68.65
2;3;SRV-DTIC-PROD;2026-05-20 20:56:24;71.1;37.2;6.0;0.0;0.2784;11.2478;0.9998;-22.4982;20:56:24;Tendencia de Queda (Estavel);70.61;70.12;69.63;69.14;68.65
2;3;SRV-DTIC-PROD;2026-05-20 20:56:24;71.1;37.2;6.0;0.0;0.2784;11.2478;0.9998;-22.4982;20:56:24;Tendencia de Queda (Estavel);70.61;70.12;69.63;69.14;68.65
2;3;SRV-DTIC-PROD;2026-05-20 20:56:24;71.1;37.2;6.0;0.0;0.2784;11.2478;0.9998;-22.4982;20:56:24;Tendencia de Queda (Estavel);70.61;70.12;69.63;69.14;68.65
2;3;SRV-DTIC-PROD;2026-05-20 20:56:24;71.1;37.2;6.0;0.0;0.2784;11.2478;0.9998;-22.4982;20:56:24;Tendencia de Queda (Estavel);70.61;70.12;69.63;69.14;68.65
2;3;SRV-DTIC-PROD;2026-05-20 20:56:24;71.1;37.2;6.0;0.0;0.2784;11.2478;0.9998;-22.4982;20:56:24;Tendencia de Queda (Estavel);70.61;70.12;69.63;69.14;68.65
2;3;SRV-DTIC-PROD;2026-05-20 20:56:24;71.1;37.2;6.0;0.0;0.2784;11.2478;0.9998;-22.4982;20:56:24;Tendencia de Queda (Estavel);70.61;70.12;69.63;69.14;68.65
2;3;SRV-DTIC-PROD;2026-05-20 20:56:24;71.1;37.2;6.0;0.0;0.2784;11.2478;0.9998;-22.4982;20:56:24;Tendencia de Queda (Estavel);70.61;70.12;69.63;69.14;68.65
2;3;SRV-DTIC-PROD;2026-05-20 20:56:24;71.1;37.2;6.0;0.0;0.2784;11.2478;0.9998;-22.4982;20:56:24;Tendencia de Queda (Estavel);70.61;70.12;69.63;69.14;68.65
2;3;SRV-DTIC-PROD;2026-05-20 20:56:24;71.1;37.2;6.0;0.0;0.2784;11.2478;0.9998;-22.4982;20:56:24;Tendencia de Queda (Estavel);70.61;70.12;69.63;69.14;68.65
2;5;luiz;2026-05-21 16:45:01;95.8;19.8;2.0;0.0;0.0003;0.0059;-1.0;0.0;16:45:01;Estacionario / Sem Variacao;95.8;95.8;95.8;95.8;95.8
2;5;luiz;2026-05-21 16:45:01;95.8;19.8;2.0;0.0;0.0003;0.0059;-1.0;0.0;16:45:01;Estacionario / Sem Variacao;95.8;95.8;95.8;95.8;95.8
2;5;luiz;2026-05-21 16:45:01;95.8;19.8;2.0;0.0;0.0003;0.0059;-1.0;0.0;16:45:01;Estacionario / Sem Variacao;95.8;95.8;95.8;95.8;95.8
2;5;luiz;2026-05-21 16:45:01;95.8;19.8;2.0;0.0;0.0003;0.0059;-1.0;0.0;16:45:01;Estacionario / Sem Variacao;95.8;95.8;95.8;95.8;95.8
2;5;luiz;2026-05-21 16:45:01;95.8;19.8;2.0;0.0;0.0003;0.0059;-1.0;0.0;16:45:01;Estacionario / Sem Variacao;95.8;95.8;95.8;95.8;95.8
2;5;luiz;2026-05-21 16:45:01;95.8;19.8;2.0;0.0;0.0003;0.0059;-1.0;0.0;16:45:01;Estacionario / Sem Variacao;95.8;95.8;95.8;95.8;95.8
2;5;luiz;2026-05-21 16:45:01;95.8;19.8;2.0;0.0;0.0003;0.0059;-1.0;0.0;16:45:01;Estacionario / Sem Variacao;95.8;95.8;95.8;95.8;95.8
2;5;luiz;2026-05-21 16:45:01;95.8;19.8;2.0;0.0;0.0003;0.0059;-1.0;0.0;16:45:01;Estacionario / Sem Variacao;95.8;95.8;95.8;95.8;95.8
2;5;luiz;2026-05-21 16:45:01;95.8;19.8;2.0;0.0;0.0003;0.0059;-1.0;0.0;16:45:01;Estacionario / Sem Variacao;95.8;95.8;95.8;95.8;95.8
2;5;luiz;2026-05-21 16:45:01;95.8;19.8;2.0;0.0;0.0003;0.0059;-1.0;0.0;16:45:01;Estacionario / Sem Variacao;95.8;95.8;95.8;95.8;95.8
2;5;luiz;2026-05-21 16:45:14;97.0;18.3;4.75;0.0;0.0014;0.0089;-1.0;5.5385;16:45:14;0.54 min;97.06;97.13;97.19;97.25;97.32
2;5;luiz;2026-05-21 16:45:14;97.0;18.3;4.75;0.0;0.0014;0.0089;-1.0;5.5385;16:45:14;0.54 min;97.06;97.13;97.19;97.25;97.32
2;5;luiz;2026-05-21 16:45:14;97.0;18.3;4.75;0.0;0.0014;0.0089;-1.0;5.5385;16:45:14;0.54 min;97.06;97.13;97.19;97.25;97.32
2;5;luiz;2026-05-21 16:45:14;97.0;18.3;4.75;0.0;0.0014;0.0089;-1.0;5.5385;16:45:14;0.54 min;97.06;97.13;97.19;97.25;97.32
2;5;luiz;2026-05-21 16:45:14;97.0;18.3;4.75;0.0;0.0014;0.0089;-1.0;5.5385;16:45:14;0.54 min;97.06;97.13;97.19;97.25;97.32
2;5;luiz;2026-05-21 16:45:14;97.0;18.3;4.75;0.0;0.0014;0.0089;-1.0;5.5385;16:45:14;0.54 min;97.06;97.13;97.19;97.25;97.32
2;5;luiz;2026-05-21 16:45:14;97.0;18.3;4.75;0.0;0.0014;0.0089;-1.0;5.5385;16:45:14;0.54 min;97.06;97.13;97.19;97.25;97.32
2;5;luiz;2026-05-21 16:45:14;97.0;18.3;4.75;0.0;0.0014;0.0089;-1.0;5.5385;16:45:14;0.54 min;97.06;97.13;97.19;97.25;97.32
2;5;luiz;2026-05-21 16:45:14;97.0;18.3;4.75;0.0;0.0014;0.0089;-1.0;5.5385;16:45:14;0.54 min;97.06;97.13;97.19;97.25;97.32
2;5;luiz;2026-05-21 16:45:14;97.0;18.3;4.75;0.0;0.0014;0.0089;-1.0;5.5385;16:45:14;0.54 min;97.06;97.13;97.19;97.25;97.32
